[{"campaignName" : "Campaign #0112", "budget" : 4586776.77, "spend" : 1439202.95, "clicks" : 371709, "conversions" : 58034, "roi" : 80377.08, "status" : "Excellent"}, {"campaignName" : "Campaign #0141", "budget" : 2666726.86, "spend" : 2247341.55, "clicks" : 528126, "conversions" : 95313, "roi" : 47932.37, "status" : "Excellent"}, {"campaignName" : "Campaign #0033", "budget" : 3391209.61, "spend" : 510388.85, "clicks" : 201544, "conversions" : 53546, "roi" : 204383.21, "status" : "Excellent"}, {"campaignName" : "Campaign #0242", "budget" : 4297897.23, "spend" : 2421156.59, "clicks" : 477624, "conversions" : 76147, "roi" : 8249.62, "status" : "Excellent"}, {"campaignName" : "Campaign #0002", "budget" : 2807844.45, "spend" : 2061096.06, "clicks" : 441006, "conversions" : 67060, "roi" : 52215.42, "status" : "Excellent"}, {"campaignName" : "Campaign #0106", "budget" : 2523136.68, "spend" : 2749439.30, "clicks" : 651981, "conversions" : 117578, "roi" : 6428.13, "status" : "Excellent"}, {"campaignName" : "Campaign #0022", "budget" : 790166.67, "spend" : 2281323.44, "clicks" : 246043, "conversions" : 90484, "roi" : 38849.42, "status" : "Excellent"}, {"campaignName" : "Campaign #0046", "budget" : 2914800.93, "spend" : 1525146.52, "clicks" : 393185, "conversions" : 50886, "roi" : 20700.83, "status" : "Excellent"}, {"campaignName" : "Campaign #0020", "budget" : 4730492.61, "spend" : 1829289.20, "clicks" : 504563, "conversions" : 84621, "roi" : 49783.83, "status" : "Excellent"}, {"campaignName" : "Campaign #0073", "budget" : 1726975.74, "spend" : 2295626.42, "clicks" : 404429, "conversions" : 67642, "roi" : 16501.23, "status" : "Excellent"}, {"campaignName" : "Campaign #0069", "budget" : 4290353.72, "spend" : 2662668.65, "clicks" : 472499, "conversions" : 104497, "roi" : 28453.29, "status" : "Excellent"}, {"campaignName" : "Campaign #0005", "budget" : 2556876.81, "spend" : 1474549.27, "clicks" : 245091, "conversions" : 53587, "roi" : 76477.99, "status" : "Excellent"}, {"campaignName" : "Campaign #0169", "budget" : 3555291.68, "spend" : 2753863.40, "clicks" : 545760, "conversions" : 107196, "roi" : 26951.79, "status" : "Excellent"}, {"campaignName" : "Campaign #0031", "budget" : 2894370.61, "spend" : 1901863.36, "clicks" : 339233, "conversions" : 66676, "roi" : 30533.66, "status" : "Excellent"}, {"campaignName" : "Campaign #0030", "budget" : 922399.28, "spend" : 1639364.36, "clicks" : 409173, "conversions" : 75447, "roi" : 40553.96, "status" : "Excellent"}, {"campaignName" : "Campaign #0067", "budget" : 1045969.35, "spend" : 1248964.24, "clicks" : 264021, "conversions" : 53349, "roi" : 24359.10, "status" : "Excellent"}, {"campaignName" : "Campaign #0212", "budget" : 3382391.15, "spend" : 2992071.36, "clicks" : 730234, "conversions" : 122575, "roi" : 15379.11, "status" : "Excellent"}, {"campaignName" : "Campaign #0189", "budget" : 2800661.74, "spend" : 2126219.38, "clicks" : 486659, "conversions" : 102588, "roi" : 13390.91, "status" : "Excellent"}, {"campaignName" : "Campaign #0090", "budget" : 1465309.95, "spend" : 2710300.34, "clicks" : 581252, "conversions" : 118361, "roi" : 12525.15, "status" : "Excellent"}, {"campaignName" : "Campaign #0139", "budget" : 3259838.90, "spend" : 2986266.04, "clicks" : 562002, "conversions" : 92797, "roi" : 26525.79, "status" : "Excellent"}, {"campaignName" : "Campaign #0111", "budget" : 3012593.60, "spend" : 3425026.12, "clicks" : 570888, "conversions" : 120218, "roi" : 7910.29, "status" : "Excellent"}, {"campaignName" : "Campaign #0076", "budget" : 2126744.64, "spend" : 2457507.50, "clicks" : 435846, "conversions" : 85034, "roi" : 31021.38, "status" : "Excellent"}, {"campaignName" : "Campaign #0078", "budget" : 1737493.92, "spend" : 2625615.91, "clicks" : 367910, "conversions" : 98354, "roi" : 35569.40, "status" : "Excellent"}, {"campaignName" : "Campaign #0149", "budget" : 760819.51, "spend" : 1623292.88, "clicks" : 291642, "conversions" : 52715, "roi" : 51363.83, "status" : "Excellent"}, {"campaignName" : "Campaign #0151", "budget" : 1900686.34, "spend" : 3515165.58, "clicks" : 632324, "conversions" : 127202, "roi" : 17340.66, "status" : "Excellent"}, {"campaignName" : "Campaign #0059", "budget" : 3057329.61, "spend" : 1281852.98, "clicks" : 385608, "conversions" : 73308, "roi" : 67977.51, "status" : "Excellent"}, {"campaignName" : "Campaign #0152", "budget" : 4160827.52, "spend" : 1070126.00, "clicks" : 163150, "conversions" : 31795, "roi" : 97660.77, "status" : "Excellent"}, {"campaignName" : "Campaign #0084", "budget" : 3381014.55, "spend" : 2896516.86, "clicks" : 547445, "conversions" : 117544, "roi" : 7626.06, "status" : "Excellent"}, {"campaignName" : "Campaign #0126", "budget" : 2210368.39, "spend" : 1039778.28, "clicks" : 298710, "conversions" : 46977, "roi" : 71961.26, "status" : "Excellent"}, {"campaignName" : "Campaign #0244", "budget" : 2615071.39, "spend" : 1882529.15, "clicks" : 339819, "conversions" : 85378, "roi" : 41739.81, "status" : "Excellent"}, {"campaignName" : "Campaign #0004", "budget" : 2209836.27, "spend" : 2343330.85, "clicks" : 336747, "conversions" : 85413, "roi" : 28539.13, "status" : "Excellent"}, {"campaignName" : "Campaign #0006", "budget" : 1567274.05, "spend" : 2221066.58, "clicks" : 388475, "conversions" : 77014, "roi" : 52075.70, "status" : "Excellent"}, {"campaignName" : "Campaign #0173", "budget" : 3406109.24, "spend" : 2653725.83, "clicks" : 415544, "conversions" : 95433, "roi" : 41199.09, "status" : "Excellent"}, {"campaignName" : "Campaign #0136", "budget" : 308640.45, "spend" : 1994468.39, "clicks" : 312623, "conversions" : 77057, "roi" : 18299.70, "status" : "Excellent"}, {"campaignName" : "Campaign #0142", "budget" : 998741.89, "spend" : 2695601.87, "clicks" : 546088, "conversions" : 121954, "roi" : 7919.85, "status" : "Excellent"}, {"campaignName" : "Campaign #0034", "budget" : 3982599.58, "spend" : 1789764.08, "clicks" : 362955, "conversions" : 31897, "roi" : 64344.27, "status" : "Excellent"}, {"campaignName" : "Campaign #0219", "budget" : 4659834.05, "spend" : 1437307.17, "clicks" : 251498, "conversions" : 59593, "roi" : 11289.65, "status" : "Excellent"}, {"campaignName" : "Campaign #0110", "budget" : 927047.45, "spend" : 2331794.05, "clicks" : 491650, "conversions" : 110843, "roi" : 35116.13, "status" : "Excellent"}, {"campaignName" : "Campaign #0137", "budget" : 249885.14, "spend" : 751638.54, "clicks" : 228797, "conversions" : 59906, "roi" : 37590.57, "status" : "Excellent"}, {"campaignName" : "Campaign #0146", "budget" : 2789356.12, "spend" : 1516958.50, "clicks" : 338620, "conversions" : 51288, "roi" : 38273.77, "status" : "Excellent"}, {"campaignName" : "Campaign #0049", "budget" : 2259152.42, "spend" : 1245009.99, "clicks" : 220408, "conversions" : 47218, "roi" : 59747.54, "status" : "Excellent"}, {"campaignName" : "Campaign #0058", "budget" : 4074172.56, "spend" : 1123157.33, "clicks" : 249275, "conversions" : 43271, "roi" : 108346.86, "status" : "Excellent"}, {"campaignName" : "Campaign #0195", "budget" : 4942503.97, "spend" : 1922075.64, "clicks" : 397402, "conversions" : 65526, "roi" : 37754.07, "status" : "Excellent"}, {"campaignName" : "Campaign #0125", "budget" : 4691984.33, "spend" : 1843080.46, "clicks" : 438938, "conversions" : 85607, "roi" : 54176.98, "status" : "Excellent"}, {"campaignName" : "Campaign #0083", "budget" : 1401747.08, "spend" : 1894663.20, "clicks" : 484234, "conversions" : 86797, "roi" : 18744.03, "status" : "Excellent"}, {"campaignName" : "Campaign #0066", "budget" : 1794760.15, "spend" : 2782306.62, "clicks" : 480071, "conversions" : 121491, "roi" : 28422.31, "status" : "Excellent"}, {"campaignName" : "Campaign #0097", "budget" : 3266566.49, "spend" : 1647219.18, "clicks" : 467329, "conversions" : 81215, "roi" : 29806.99, "status" : "Excellent"}, {"campaignName" : "Campaign #0172", "budget" : 1668019.68, "spend" : 3120775.97, "clicks" : 608659, "conversions" : 98617, "roi" : 24144.28, "status" : "Excellent"}, {"campaignName" : "Campaign #0119", "budget" : 3117335.64, "spend" : 1977227.45, "clicks" : 337802, "conversions" : 89802, "roi" : 49120.15, "status" : "Excellent"}, {"campaignName" : "Campaign #0211", "budget" : 1189190.07, "spend" : 1988625.21, "clicks" : 466779, "conversions" : 89740, "roi" : 15700.79, "status" : "Excellent"}, {"campaignName" : "Campaign #0056", "budget" : 4115890.83, "spend" : 2177182.91, "clicks" : 423893, "conversions" : 95493, "roi" : 9062.58, "status" : "Excellent"}, {"campaignName" : "Campaign #0048", "budget" : 3667697.56, "spend" : 1790976.72, "clicks" : 356216, "conversions" : 68325, "roi" : 60858.11, "status" : "Excellent"}, {"campaignName" : "Campaign #0116", "budget" : 4666021.25, "spend" : 3192275.82, "clicks" : 634015, "conversions" : 134387, "roi" : 11645.25, "status" : "Excellent"}, {"campaignName" : "Campaign #0248", "budget" : 2535581.57, "spend" : 2039786.20, "clicks" : 264927, "conversions" : 72361, "roi" : 35101.00, "status" : "Excellent"}, {"campaignName" : "Campaign #0117", "budget" : 3212904.07, "spend" : 3703428.34, "clicks" : 538827, "conversions" : 127218, "roi" : 8094.36, "status" : "Excellent"}, {"campaignName" : "Campaign #0184", "budget" : 1546062.65, "spend" : 1637307.81, "clicks" : 294097, "conversions" : 55746, "roi" : 51194.21, "status" : "Excellent"}, {"campaignName" : "Campaign #0013", "budget" : 2909211.58, "spend" : 1791913.57, "clicks" : 183225, "conversions" : 53859, "roi" : 42626.56, "status" : "Excellent"}, {"campaignName" : "Campaign #0039", "budget" : 4636214.89, "spend" : 1728635.08, "clicks" : 217563, "conversions" : 53196, "roi" : 70331.10, "status" : "Excellent"}, {"campaignName" : "Campaign #0108", "budget" : 1012300.72, "spend" : 2978757.64, "clicks" : 648789, "conversions" : 98349, "roi" : 16092.04, "status" : "Excellent"}, {"campaignName" : "Campaign #0086", "budget" : 1814910.36, "spend" : 1854841.52, "clicks" : 310179, "conversions" : 77792, "roi" : 16924.23, "status" : "Excellent"}, {"campaignName" : "Campaign #0159", "budget" : 2792380.83, "spend" : 2380966.38, "clicks" : 425680, "conversions" : 89532, "roi" : 17467.56, "status" : "Excellent"}, {"campaignName" : "Campaign #0174", "budget" : 1470496.92, "spend" : 1285829.80, "clicks" : 336223, "conversions" : 64088, "roi" : 90753.32, "status" : "Excellent"}, {"campaignName" : "Campaign #0243", "budget" : 3104202.19, "spend" : 1397810.66, "clicks" : 417187, "conversions" : 79285, "roi" : 58762.87, "status" : "Excellent"}, {"campaignName" : "Campaign #0036", "budget" : 461095.93, "spend" : 2113740.51, "clicks" : 462635, "conversions" : 76240, "roi" : 8721.47, "status" : "Excellent"}, {"campaignName" : "Campaign #0249", "budget" : 4681965.41, "spend" : 2401301.83, "clicks" : 372870, "conversions" : 98372, "roi" : 33490.71, "status" : "Excellent"}, {"campaignName" : "Campaign #0014", "budget" : 4197180.20, "spend" : 2150480.43, "clicks" : 505054, "conversions" : 82816, "roi" : 22839.01, "status" : "Excellent"}, {"campaignName" : "Campaign #0209", "budget" : 2633354.00, "spend" : 2915945.52, "clicks" : 538922, "conversions" : 100940, "roi" : 33264.44, "status" : "Excellent"}, {"campaignName" : "Campaign #0037", "budget" : 3952613.55, "spend" : 1794059.33, "clicks" : 360924, "conversions" : 78891, "roi" : 61146.72, "status" : "Excellent"}, {"campaignName" : "Campaign #0236", "budget" : 4506413.15, "spend" : 2181042.36, "clicks" : 373284, "conversions" : 78138, "roi" : 18872.54, "status" : "Excellent"}, {"campaignName" : "Campaign #0170", "budget" : 112951.74, "spend" : 2014985.39, "clicks" : 256413, "conversions" : 72543, "roi" : 10691.04, "status" : "Excellent"}, {"campaignName" : "Campaign #0164", "budget" : 484802.19, "spend" : 1671704.89, "clicks" : 478265, "conversions" : 79399, "roi" : 19751.99, "status" : "Excellent"}, {"campaignName" : "Campaign #0032", "budget" : 4653923.28, "spend" : 2559430.75, "clicks" : 404275, "conversions" : 86042, "roi" : 27858.09, "status" : "Excellent"}, {"campaignName" : "Campaign #0007", "budget" : 3896900.18, "spend" : 1844873.19, "clicks" : 341205, "conversions" : 75585, "roi" : 46386.26, "status" : "Excellent"}, {"campaignName" : "Campaign #0027", "budget" : 4941015.46, "spend" : 2145064.67, "clicks" : 327049, "conversions" : 65752, "roi" : 34922.04, "status" : "Excellent"}, {"campaignName" : "Campaign #0241", "budget" : 2378004.66, "spend" : 2315649.67, "clicks" : 341003, "conversions" : 85126, "roi" : 38380.22, "status" : "Excellent"}, {"campaignName" : "Campaign #0186", "budget" : 2079343.80, "spend" : 2101264.91, "clicks" : 294415, "conversions" : 71081, "roi" : 27529.02, "status" : "Excellent"}, {"campaignName" : "Campaign #0217", "budget" : 2561199.12, "spend" : 1757804.07, "clicks" : 410512, "conversions" : 76692, "roi" : 35133.87, "status" : "Excellent"}, {"campaignName" : "Campaign #0225", "budget" : 2508251.26, "spend" : 2996693.79, "clicks" : 564567, "conversions" : 104129, "roi" : 24948.65, "status" : "Excellent"}, {"campaignName" : "Campaign #0040", "budget" : 1047676.14, "spend" : 2326210.22, "clicks" : 415313, "conversions" : 68939, "roi" : 30404.84, "status" : "Excellent"}, {"campaignName" : "Campaign #0208", "budget" : 3204438.91, "spend" : 2844986.41, "clicks" : 574263, "conversions" : 118628, "roi" : 34067.15, "status" : "Excellent"}, {"campaignName" : "Campaign #0224", "budget" : 3694714.67, "spend" : 3348710.84, "clicks" : 497306, "conversions" : 105963, "roi" : 24947.06, "status" : "Excellent"}, {"campaignName" : "Campaign #0166", "budget" : 4124009.76, "spend" : 1431285.41, "clicks" : 353965, "conversions" : 58406, "roi" : 43702.60, "status" : "Excellent"}, {"campaignName" : "Campaign #0096", "budget" : 2528352.90, "spend" : 1947742.41, "clicks" : 450391, "conversions" : 72023, "roi" : 45974.67, "status" : "Excellent"}, {"campaignName" : "Campaign #0124", "budget" : 1142346.57, "spend" : 2208878.13, "clicks" : 387813, "conversions" : 83475, "roi" : 13563.15, "status" : "Excellent"}, {"campaignName" : "Campaign #0202", "budget" : 2665497.17, "spend" : 2634732.21, "clicks" : 437956, "conversions" : 71411, "roi" : 24779.30, "status" : "Excellent"}, {"campaignName" : "Campaign #0155", "budget" : 1508779.22, "spend" : 2278832.90, "clicks" : 433614, "conversions" : 91078, "roi" : 25034.36, "status" : "Excellent"}, {"campaignName" : "Campaign #0063", "budget" : 4494412.51, "spend" : 1194005.52, "clicks" : 339056, "conversions" : 76696, "roi" : 24722.22, "status" : "Excellent"}, {"campaignName" : "Campaign #0154", "budget" : 2863282.41, "spend" : 2240767.31, "clicks" : 576432, "conversions" : 114464, "roi" : 52774.59, "status" : "Excellent"}, {"campaignName" : "Campaign #0148", "budget" : 487091.62, "spend" : 1436338.83, "clicks" : 260812, "conversions" : 46958, "roi" : 29125.02, "status" : "Excellent"}, {"campaignName" : "Campaign #0204", "budget" : 1522700.13, "spend" : 1639020.30, "clicks" : 377513, "conversions" : 88465, "roi" : 31828.13, "status" : "Excellent"}, {"campaignName" : "Campaign #0237", "budget" : 1523344.34, "spend" : 1821654.98, "clicks" : 405481, "conversions" : 47153, "roi" : 58286.04, "status" : "Excellent"}, {"campaignName" : "Campaign #0161", "budget" : 4702734.93, "spend" : 2970717.00, "clicks" : 611232, "conversions" : 134580, "roi" : 29393.63, "status" : "Excellent"}, {"campaignName" : "Campaign #0085", "budget" : 3939293.84, "spend" : 1473910.82, "clicks" : 483679, "conversions" : 91710, "roi" : 55748.63, "status" : "Excellent"}, {"campaignName" : "Campaign #0205", "budget" : 3182732.40, "spend" : 4006538.69, "clicks" : 739112, "conversions" : 150197, "roi" : 21689.59, "status" : "Excellent"}, {"campaignName" : "Campaign #0130", "budget" : 588233.82, "spend" : 1260457.06, "clicks" : 244158, "conversions" : 65990, "roi" : 51564.16, "status" : "Excellent"}, {"campaignName" : "Campaign #0187", "budget" : 315426.99, "spend" : 2087782.94, "clicks" : 352347, "conversions" : 76436, "roi" : 27609.93, "status" : "Excellent"}, {"campaignName" : "Campaign #0115", "budget" : 1892042.25, "spend" : 1943270.25, "clicks" : 384607, "conversions" : 81979, "roi" : 10897.67, "status" : "Excellent"}, {"campaignName" : "Campaign #0121", "budget" : 3395531.96, "spend" : 2471257.98, "clicks" : 509592, "conversions" : 98767, "roi" : 32653.05, "status" : "Excellent"}, {"campaignName" : "Campaign #0024", "budget" : 1779705.87, "spend" : 2787198.01, "clicks" : 421212, "conversions" : 96172, "roi" : 32194.41, "status" : "Excellent"}, {"campaignName" : "Campaign #0156", "budget" : 2416706.06, "spend" : 1732142.52, "clicks" : 347498, "conversions" : 70209, "roi" : 30358.16, "status" : "Excellent"}, {"campaignName" : "Campaign #0191", "budget" : 3562911.04, "spend" : 2251226.24, "clicks" : 475920, "conversions" : 79502, "roi" : 17500.40, "status" : "Excellent"}, {"campaignName" : "Campaign #0207", "budget" : 1604731.98, "spend" : 2645899.24, "clicks" : 476437, "conversions" : 112992, "roi" : 16483.90, "status" : "Excellent"}, {"campaignName" : "Campaign #0118", "budget" : 2198169.36, "spend" : 2319842.16, "clicks" : 462639, "conversions" : 83000, "roi" : 21858.75, "status" : "Excellent"}, {"campaignName" : "Campaign #0194", "budget" : 2105764.61, "spend" : 1949524.94, "clicks" : 399563, "conversions" : 70876, "roi" : 52964.19, "status" : "Excellent"}, {"campaignName" : "Campaign #0227", "budget" : 1605751.26, "spend" : 1972314.48, "clicks" : 376175, "conversions" : 79002, "roi" : 17527.04, "status" : "Excellent"}, {"campaignName" : "Campaign #0047", "budget" : 4797542.75, "spend" : 1647220.01, "clicks" : 423512, "conversions" : 83926, "roi" : 28916.29, "status" : "Excellent"}, {"campaignName" : "Campaign #0092", "budget" : 2905715.38, "spend" : 1680436.79, "clicks" : 317549, "conversions" : 80286, "roi" : 10075.17, "status" : "Excellent"}, {"campaignName" : "Campaign #0247", "budget" : 3948134.02, "spend" : 1850671.29, "clicks" : 460099, "conversions" : 79141, "roi" : 27931.44, "status" : "Excellent"}, {"campaignName" : "Campaign #0114", "budget" : 3252087.31, "spend" : 1752230.56, "clicks" : 377409, "conversions" : 61448, "roi" : 12435.58, "status" : "Excellent"}, {"campaignName" : "Campaign #0061", "budget" : 4274212.49, "spend" : 2482868.42, "clicks" : 569813, "conversions" : 77455, "roi" : 40240.87, "status" : "Excellent"}, {"campaignName" : "Campaign #0128", "budget" : 1264844.46, "spend" : 2664139.06, "clicks" : 497960, "conversions" : 97963, "roi" : 28946.76, "status" : "Excellent"}, {"campaignName" : "Campaign #0087", "budget" : 4927243.62, "spend" : 1812580.91, "clicks" : 279915, "conversions" : 67343, "roi" : 42619.52, "status" : "Excellent"}, {"campaignName" : "Campaign #0175", "budget" : 467645.88, "spend" : 1740380.62, "clicks" : 348423, "conversions" : 83094, "roi" : 8951.72, "status" : "Excellent"}, {"campaignName" : "Campaign #0120", "budget" : 4072881.53, "spend" : 2192417.42, "clicks" : 346060, "conversions" : 62471, "roi" : 15341.97, "status" : "Excellent"}, {"campaignName" : "Campaign #0165", "budget" : 3035049.22, "spend" : 1007296.33, "clicks" : 307805, "conversions" : 55761, "roi" : 61852.25, "status" : "Excellent"}, {"campaignName" : "Campaign #0163", "budget" : 2853215.56, "spend" : 2716341.72, "clicks" : 657816, "conversions" : 125807, "roi" : 10730.68, "status" : "Excellent"}, {"campaignName" : "Campaign #0074", "budget" : 4897100.49, "spend" : 600265.21, "clicks" : 218413, "conversions" : 36540, "roi" : 168205.29, "status" : "Excellent"}, {"campaignName" : "Campaign #0181", "budget" : 833662.56, "spend" : 1344424.87, "clicks" : 251894, "conversions" : 58268, "roi" : 76483.26, "status" : "Excellent"}, {"campaignName" : "Campaign #0168", "budget" : 1812263.05, "spend" : 1422480.41, "clicks" : 289933, "conversions" : 61723, "roi" : 84468.76, "status" : "Excellent"}, {"campaignName" : "Campaign #0127", "budget" : 4361275.87, "spend" : 1911919.38, "clicks" : 361514, "conversions" : 84688, "roi" : 55882.08, "status" : "Excellent"}, {"campaignName" : "Campaign #0222", "budget" : 1801065.04, "spend" : 2017777.84, "clicks" : 401641, "conversions" : 76245, "roi" : 9263.83, "status" : "Excellent"}, {"campaignName" : "Campaign #0216", "budget" : 4542030.92, "spend" : 2468650.57, "clicks" : 429283, "conversions" : 122219, "roi" : 6823.24, "status" : "Excellent"}, {"campaignName" : "Campaign #0190", "budget" : 2363495.60, "spend" : 2249631.80, "clicks" : 441377, "conversions" : 84238, "roi" : 26852.14, "status" : "Excellent"}, {"campaignName" : "Campaign #0230", "budget" : 158867.92, "spend" : 803015.01, "clicks" : 157969, "conversions" : 21838, "roi" : 105296.09, "status" : "Excellent"}, {"campaignName" : "Campaign #0192", "budget" : 4527706.82, "spend" : 1676824.19, "clicks" : 335459, "conversions" : 79016, "roi" : 27369.95, "status" : "Excellent"}, {"campaignName" : "Campaign #0017", "budget" : 4177274.91, "spend" : 1770026.13, "clicks" : 347928, "conversions" : 81204, "roi" : 9608.62, "status" : "Excellent"}, {"campaignName" : "Campaign #0094", "budget" : 1956332.43, "spend" : 2327232.17, "clicks" : 442898, "conversions" : 94214, "roi" : 36389.90, "status" : "Excellent"}, {"campaignName" : "Campaign #0019", "budget" : 3658658.38, "spend" : 1700845.49, "clicks" : 274170, "conversions" : 88888, "roi" : 38447.80, "status" : "Excellent"}, {"campaignName" : "Campaign #0193", "budget" : 2534625.71, "spend" : 2234323.90, "clicks" : 382866, "conversions" : 63027, "roi" : 9512.11, "status" : "Excellent"}, {"campaignName" : "Campaign #0246", "budget" : 324472.67, "spend" : 2526835.39, "clicks" : 474475, "conversions" : 91523, "roi" : 12383.53, "status" : "Excellent"}, {"campaignName" : "Campaign #0100", "budget" : 1598953.16, "spend" : 2552466.58, "clicks" : 447485, "conversions" : 110548, "roi" : 24168.17, "status" : "Excellent"}, {"campaignName" : "Campaign #0214", "budget" : 1110485.13, "spend" : 1334192.76, "clicks" : 275522, "conversions" : 77809, "roi" : 54760.99, "status" : "Excellent"}, {"campaignName" : "Campaign #0105", "budget" : 4289979.74, "spend" : 2537064.48, "clicks" : 487058, "conversions" : 102907, "roi" : 41732.85, "status" : "Excellent"}, {"campaignName" : "Campaign #0043", "budget" : 2716596.21, "spend" : 2394130.98, "clicks" : 490824, "conversions" : 110218, "roi" : 42962.14, "status" : "Excellent"}, {"campaignName" : "Campaign #0018", "budget" : 507342.51, "spend" : 2090538.24, "clicks" : 417086, "conversions" : 72638, "roi" : 49154.53, "status" : "Excellent"}, {"campaignName" : "Campaign #0029", "budget" : 990413.44, "spend" : 1679291.84, "clicks" : 196260, "conversions" : 60858, "roi" : 13783.72, "status" : "Excellent"}, {"campaignName" : "Campaign #0180", "budget" : 3549545.60, "spend" : 2948059.51, "clicks" : 669137, "conversions" : 139298, "roi" : 25157.03, "status" : "Excellent"}, {"campaignName" : "Campaign #0075", "budget" : 3710877.76, "spend" : 2093530.88, "clicks" : 366332, "conversions" : 52562, "roi" : 7838.85, "status" : "Excellent"}, {"campaignName" : "Campaign #0135", "budget" : 2645186.18, "spend" : 1132102.30, "clicks" : 298309, "conversions" : 49654, "roi" : 89717.71, "status" : "Excellent"}, {"campaignName" : "Campaign #0077", "budget" : 1617362.50, "spend" : 2286079.45, "clicks" : 528698, "conversions" : 105664, "roi" : 33532.44, "status" : "Excellent"}, {"campaignName" : "Campaign #0098", "budget" : 3301685.04, "spend" : 992043.47, "clicks" : 240963, "conversions" : 55420, "roi" : 79957.03, "status" : "Excellent"}, {"campaignName" : "Campaign #0109", "budget" : 770676.66, "spend" : 1751470.55, "clicks" : 346554, "conversions" : 81151, "roi" : 64019.16, "status" : "Excellent"}, {"campaignName" : "Campaign #0140", "budget" : 4732182.60, "spend" : 2365098.72, "clicks" : 331621, "conversions" : 66311, "roi" : 37585.19, "status" : "Excellent"}, {"campaignName" : "Campaign #0150", "budget" : 4163668.24, "spend" : 1213356.19, "clicks" : 286116, "conversions" : 56137, "roi" : 15948.43, "status" : "Excellent"}, {"campaignName" : "Campaign #0210", "budget" : 201936.69, "spend" : 1520804.16, "clicks" : 303286, "conversions" : 59351, "roi" : 57903.48, "status" : "Excellent"}, {"campaignName" : "Campaign #0057", "budget" : 3334965.88, "spend" : 1760167.23, "clicks" : 387118, "conversions" : 102551, "roi" : 47275.68, "status" : "Excellent"}, {"campaignName" : "Campaign #0041", "budget" : 2638868.98, "spend" : 1799794.49, "clicks" : 291861, "conversions" : 78313, "roi" : 27733.73, "status" : "Excellent"}, {"campaignName" : "Campaign #0021", "budget" : 2632645.42, "spend" : 2470232.20, "clicks" : 325194, "conversions" : 84168, "roi" : 35938.09, "status" : "Excellent"}, {"campaignName" : "Campaign #0079", "budget" : 3087240.23, "spend" : 1420000.04, "clicks" : 301718, "conversions" : 67619, "roi" : 63100.62, "status" : "Excellent"}, {"campaignName" : "Campaign #0060", "budget" : 1782036.04, "spend" : 1354125.02, "clicks" : 318050, "conversions" : 61078, "roi" : 32519.16, "status" : "Excellent"}, {"campaignName" : "Campaign #0101", "budget" : 4952786.85, "spend" : 1516090.26, "clicks" : 240487, "conversions" : 51105, "roi" : 55972.87, "status" : "Excellent"}, {"campaignName" : "Campaign #0050", "budget" : 3519633.91, "spend" : 1718688.43, "clicks" : 303409, "conversions" : 70775, "roi" : 14464.48, "status" : "Excellent"}, {"campaignName" : "Campaign #0129", "budget" : 2455731.62, "spend" : 1791233.90, "clicks" : 365119, "conversions" : 64590, "roi" : 31005.63, "status" : "Excellent"}, {"campaignName" : "Campaign #0102", "budget" : 3325054.21, "spend" : 3385419.20, "clicks" : 568839, "conversions" : 103271, "roi" : 25016.13, "status" : "Excellent"}, {"campaignName" : "Campaign #0179", "budget" : 1606501.29, "spend" : 1661324.71, "clicks" : 368461, "conversions" : 78415, "roi" : 71596.78, "status" : "Excellent"}, {"campaignName" : "Campaign #0226", "budget" : 1245836.73, "spend" : 1601289.75, "clicks" : 352651, "conversions" : 68864, "roi" : 52949.01, "status" : "Excellent"}, {"campaignName" : "Campaign #0131", "budget" : 4088855.82, "spend" : 3411541.46, "clicks" : 675123, "conversions" : 100288, "roi" : 29742.64, "status" : "Excellent"}, {"campaignName" : "Campaign #0062", "budget" : 3654991.13, "spend" : 2973737.83, "clicks" : 442097, "conversions" : 89748, "roi" : 17211.38, "status" : "Excellent"}, {"campaignName" : "Campaign #0070", "budget" : 1801417.70, "spend" : 3045835.97, "clicks" : 497551, "conversions" : 107352, "roi" : 22305.64, "status" : "Excellent"}, {"campaignName" : "Campaign #0089", "budget" : 3249270.53, "spend" : 1439796.41, "clicks" : 230380, "conversions" : 53616, "roi" : 26463.36, "status" : "Excellent"}, {"campaignName" : "Campaign #0213", "budget" : 4072313.93, "spend" : 1262189.35, "clicks" : 195108, "conversions" : 42304, "roi" : 23551.94, "status" : "Excellent"}, {"campaignName" : "Campaign #0015", "budget" : 2712612.72, "spend" : 1758148.80, "clicks" : 439267, "conversions" : 57514, "roi" : 50790.45, "status" : "Excellent"}, {"campaignName" : "Campaign #0026", "budget" : 2345634.16, "spend" : 2008325.09, "clicks" : 361810, "conversions" : 71778, "roi" : 27236.84, "status" : "Excellent"}, {"campaignName" : "Campaign #0158", "budget" : 1832780.44, "spend" : 2135504.12, "clicks" : 370896, "conversions" : 85548, "roi" : 48799.49, "status" : "Excellent"}, {"campaignName" : "Campaign #0206", "budget" : 708733.38, "spend" : 1800418.62, "clicks" : 297192, "conversions" : 73684, "roi" : 25526.04, "status" : "Excellent"}, {"campaignName" : "Campaign #0197", "budget" : 2062030.23, "spend" : 2551948.08, "clicks" : 506207, "conversions" : 91466, "roi" : 13528.15, "status" : "Excellent"}, {"campaignName" : "Campaign #0203", "budget" : 1021500.95, "spend" : 1867405.18, "clicks" : 414493, "conversions" : 51528, "roi" : 10589.63, "status" : "Excellent"}, {"campaignName" : "Campaign #0145", "budget" : 2628015.49, "spend" : 2038862.56, "clicks" : 374729, "conversions" : 62259, "roi" : 42566.12, "status" : "Excellent"}, {"campaignName" : "Campaign #0011", "budget" : 3685577.92, "spend" : 1788648.65, "clicks" : 379665, "conversions" : 61545, "roi" : 33485.90, "status" : "Excellent"}, {"campaignName" : "Campaign #0144", "budget" : 1105218.98, "spend" : 1813065.76, "clicks" : 357329, "conversions" : 64658, "roi" : 55921.46, "status" : "Excellent"}, {"campaignName" : "Campaign #0038", "budget" : 2061691.22, "spend" : 2040052.59, "clicks" : 415909, "conversions" : 73262, "roi" : 42676.89, "status" : "Excellent"}, {"campaignName" : "Campaign #0198", "budget" : 3608218.60, "spend" : 955698.83, "clicks" : 248340, "conversions" : 36502, "roi" : 42447.94, "status" : "Excellent"}, {"campaignName" : "Campaign #0035", "budget" : 1342991.25, "spend" : 2319370.92, "clicks" : 440274, "conversions" : 100562, "roi" : 6915.95, "status" : "Excellent"}, {"campaignName" : "Campaign #0196", "budget" : 1828334.16, "spend" : 3107734.66, "clicks" : 542897, "conversions" : 121510, "roi" : 18071.10, "status" : "Excellent"}, {"campaignName" : "Campaign #0008", "budget" : 584923.95, "spend" : 2221636.32, "clicks" : 373433, "conversions" : 92323, "roi" : 35473.41, "status" : "Excellent"}, {"campaignName" : "Campaign #0157", "budget" : 3775619.31, "spend" : 917020.99, "clicks" : 262940, "conversions" : 62386, "roi" : 23503.12, "status" : "Excellent"}, {"campaignName" : "Campaign #0245", "budget" : 3414335.60, "spend" : 1942541.78, "clicks" : 394724, "conversions" : 58197, "roi" : 57833.63, "status" : "Excellent"}, {"campaignName" : "Campaign #0162", "budget" : 573165.14, "spend" : 1213561.45, "clicks" : 210113, "conversions" : 46475, "roi" : 17026.74, "status" : "Excellent"}, {"campaignName" : "Campaign #0232", "budget" : 1355027.55, "spend" : 724918.69, "clicks" : 186643, "conversions" : 22218, "roi" : 92358.42, "status" : "Excellent"}, {"campaignName" : "Campaign #0176", "budget" : 4219109.88, "spend" : 2871834.99, "clicks" : 622317, "conversions" : 131716, "roi" : 36082.84, "status" : "Excellent"}, {"campaignName" : "Campaign #0138", "budget" : 1266660.78, "spend" : 1553612.17, "clicks" : 299953, "conversions" : 64044, "roi" : 9884.72, "status" : "Excellent"}, {"campaignName" : "Campaign #0055", "budget" : 610908.92, "spend" : 2015771.11, "clicks" : 487114, "conversions" : 86022, "roi" : 26243.86, "status" : "Excellent"}, {"campaignName" : "Campaign #0095", "budget" : 2294268.43, "spend" : 1562808.09, "clicks" : 355714, "conversions" : 73223, "roi" : 52447.44, "status" : "Excellent"}, {"campaignName" : "Campaign #0215", "budget" : 2817323.38, "spend" : 2204766.07, "clicks" : 441471, "conversions" : 45824, "roi" : 9522.51, "status" : "Excellent"}, {"campaignName" : "Campaign #0082", "budget" : 1009262.28, "spend" : 2314064.33, "clicks" : 451485, "conversions" : 76327, "roi" : 12403.13, "status" : "Excellent"}, {"campaignName" : "Campaign #0185", "budget" : 3664789.52, "spend" : 1649123.90, "clicks" : 296859, "conversions" : 57096, "roi" : 32980.26, "status" : "Excellent"}, {"campaignName" : "Campaign #0065", "budget" : 4437978.26, "spend" : 2552289.98, "clicks" : 416784, "conversions" : 95475, "roi" : 22716.38, "status" : "Excellent"}, {"campaignName" : "Campaign #0123", "budget" : 1113775.74, "spend" : 2295837.00, "clicks" : 370806, "conversions" : 83901, "roi" : 12551.82, "status" : "Excellent"}, {"campaignName" : "Campaign #0080", "budget" : 1140487.59, "spend" : 2564336.66, "clicks" : 392808, "conversions" : 65791, "roi" : 31301.62, "status" : "Excellent"}, {"campaignName" : "Campaign #0042", "budget" : 1071724.20, "spend" : 1489198.80, "clicks" : 325659, "conversions" : 65273, "roi" : 32923.95, "status" : "Excellent"}, {"campaignName" : "Campaign #0160", "budget" : 3958579.94, "spend" : 1313533.16, "clicks" : 351529, "conversions" : 61743, "roi" : 47033.89, "status" : "Excellent"}, {"campaignName" : "Campaign #0054", "budget" : 4803012.34, "spend" : 2025099.11, "clicks" : 356371, "conversions" : 90964, "roi" : 39629.79, "status" : "Excellent"}, {"campaignName" : "Campaign #0178", "budget" : 305497.27, "spend" : 2057499.59, "clicks" : 333896, "conversions" : 84979, "roi" : 13273.14, "status" : "Excellent"}, {"campaignName" : "Campaign #0072", "budget" : 3700941.03, "spend" : 2627145.47, "clicks" : 460430, "conversions" : 93148, "roi" : 9941.92, "status" : "Excellent"}, {"campaignName" : "Campaign #0012", "budget" : 3551883.45, "spend" : 1028236.47, "clicks" : 236624, "conversions" : 45182, "roi" : 98591.78, "status" : "Excellent"}, {"campaignName" : "Campaign #0068", "budget" : 3115144.91, "spend" : 1290004.91, "clicks" : 182914, "conversions" : 33714, "roi" : 24930.11, "status" : "Excellent"}, {"campaignName" : "Campaign #0238", "budget" : 2007781.64, "spend" : 1345645.00, "clicks" : 345177, "conversions" : 90316, "roi" : 22913.62, "status" : "Excellent"}, {"campaignName" : "Campaign #0153", "budget" : 4634894.89, "spend" : 1142569.64, "clicks" : 263463, "conversions" : 46035, "roi" : 80354.32, "status" : "Excellent"}, {"campaignName" : "Campaign #0122", "budget" : 564755.02, "spend" : 1763046.93, "clicks" : 406639, "conversions" : 57031, "roi" : 25422.65, "status" : "Excellent"}, {"campaignName" : "Campaign #0240", "budget" : 2105386.52, "spend" : 1787235.41, "clicks" : 315402, "conversions" : 68317, "roi" : 24331.90, "status" : "Excellent"}, {"campaignName" : "Campaign #0044", "budget" : 4102328.03, "spend" : 1314635.69, "clicks" : 319706, "conversions" : 48053, "roi" : 44013.77, "status" : "Excellent"}, {"campaignName" : "Campaign #0107", "budget" : 2058297.11, "spend" : 2676303.06, "clicks" : 517635, "conversions" : 88011, "roi" : 42136.24, "status" : "Excellent"}, {"campaignName" : "Campaign #0221", "budget" : 4703175.07, "spend" : 3493223.74, "clicks" : 779315, "conversions" : 120740, "roi" : 14505.65, "status" : "Excellent"}, {"campaignName" : "Campaign #0250", "budget" : 4180198.14, "spend" : 2007820.29, "clicks" : 415406, "conversions" : 101318, "roi" : 58183.82, "status" : "Excellent"}, {"campaignName" : "Campaign #0133", "budget" : 2984941.28, "spend" : 2782817.46, "clicks" : 540077, "conversions" : 100728, "roi" : 13336.70, "status" : "Excellent"}, {"campaignName" : "Campaign #0091", "budget" : 770826.74, "spend" : 985646.01, "clicks" : 227207, "conversions" : 39099, "roi" : 48473.30, "status" : "Excellent"}, {"campaignName" : "Campaign #0025", "budget" : 4670083.11, "spend" : 2169148.31, "clicks" : 491907, "conversions" : 97110, "roi" : 13777.52, "status" : "Excellent"}, {"campaignName" : "Campaign #0218", "budget" : 2959121.99, "spend" : 2231761.25, "clicks" : 384639, "conversions" : 102916, "roi" : 34513.54, "status" : "Excellent"}, {"campaignName" : "Campaign #0167", "budget" : 4595190.73, "spend" : 1213745.80, "clicks" : 347539, "conversions" : 52256, "roi" : 83358.49, "status" : "Excellent"}, {"campaignName" : "Campaign #0088", "budget" : 830328.71, "spend" : 2000306.46, "clicks" : 365569, "conversions" : 90389, "roi" : 46529.78, "status" : "Excellent"}, {"campaignName" : "Campaign #0177", "budget" : 3878999.45, "spend" : 3007426.74, "clicks" : 630781, "conversions" : 110513, "roi" : 8240.63, "status" : "Excellent"}, {"campaignName" : "Campaign #0201", "budget" : 58149.46, "spend" : 2015072.58, "clicks" : 401019, "conversions" : 78132, "roi" : 10712.66, "status" : "Excellent"}, {"campaignName" : "Campaign #0200", "budget" : 4522880.63, "spend" : 2094043.48, "clicks" : 400918, "conversions" : 64468, "roi" : 23060.54, "status" : "Excellent"}, {"campaignName" : "Campaign #0003", "budget" : 3283477.88, "spend" : 1579906.81, "clicks" : 358214, "conversions" : 57789, "roi" : 45479.54, "status" : "Excellent"}, {"campaignName" : "Campaign #0223", "budget" : 799762.94, "spend" : 1096576.83, "clicks" : 220793, "conversions" : 69499, "roi" : 39038.31, "status" : "Excellent"}, {"campaignName" : "Campaign #0134", "budget" : 1207908.48, "spend" : 2257209.99, "clicks" : 466045, "conversions" : 115125, "roi" : 38332.92, "status" : "Excellent"}, {"campaignName" : "Campaign #0009", "budget" : 1084387.73, "spend" : 2270639.32, "clicks" : 347095, "conversions" : 51627, "roi" : 51109.60, "status" : "Excellent"}, {"campaignName" : "Campaign #0147", "budget" : 3561877.17, "spend" : 2360896.57, "clicks" : 468994, "conversions" : 89411, "roi" : 27033.78, "status" : "Excellent"}, {"campaignName" : "Campaign #0229", "budget" : 1681238.59, "spend" : 3683371.57, "clicks" : 706329, "conversions" : 146265, "roi" : 9298.74, "status" : "Excellent"}, {"campaignName" : "Campaign #0052", "budget" : 1663310.95, "spend" : 1715607.57, "clicks" : 310282, "conversions" : 56430, "roi" : 19204.09, "status" : "Excellent"}, {"campaignName" : "Campaign #0051", "budget" : 2709718.38, "spend" : 3195390.11, "clicks" : 549348, "conversions" : 120523, "roi" : 15956.37, "status" : "Excellent"}, {"campaignName" : "Campaign #0016", "budget" : 1710653.86, "spend" : 2293198.09, "clicks" : 554217, "conversions" : 93597, "roi" : 47526.88, "status" : "Excellent"}, {"campaignName" : "Campaign #0010", "budget" : 4085869.85, "spend" : 1686843.50, "clicks" : 319993, "conversions" : 79397, "roi" : 55095.18, "status" : "Excellent"}, {"campaignName" : "Campaign #0231", "budget" : 4612200.95, "spend" : 2198156.14, "clicks" : 568484, "conversions" : 90582, "roi" : 51751.00, "status" : "Excellent"}, {"campaignName" : "Campaign #0132", "budget" : 1591662.13, "spend" : 1791493.15, "clicks" : 420303, "conversions" : 70499, "roi" : 67374.44, "status" : "Excellent"}, {"campaignName" : "Campaign #0071", "budget" : 100933.65, "spend" : 3512543.67, "clicks" : 664762, "conversions" : 120193, "roi" : 16368.19, "status" : "Excellent"}, {"campaignName" : "Campaign #0199", "budget" : 559747.17, "spend" : 1702440.66, "clicks" : 328012, "conversions" : 58398, "roi" : 11116.09, "status" : "Excellent"}, {"campaignName" : "Campaign #0182", "budget" : 2967890.87, "spend" : 939219.35, "clicks" : 238284, "conversions" : 40146, "roi" : 112538.35, "status" : "Excellent"}, {"campaignName" : "Campaign #0233", "budget" : 1716184.71, "spend" : 2088778.90, "clicks" : 396972, "conversions" : 86233, "roi" : 32001.65, "status" : "Excellent"}, {"campaignName" : "Campaign #0099", "budget" : 3816424.98, "spend" : 2756834.17, "clicks" : 512193, "conversions" : 86013, "roi" : 26218.13, "status" : "Excellent"}, {"campaignName" : "Campaign #0093", "budget" : 2550471.54, "spend" : 2090702.89, "clicks" : 330742, "conversions" : 64310, "roi" : 34778.08, "status" : "Excellent"}, {"campaignName" : "Campaign #0028", "budget" : 340500.66, "spend" : 1653835.62, "clicks" : 300548, "conversions" : 70162, "roi" : 47792.81, "status" : "Excellent"}, {"campaignName" : "Campaign #0239", "budget" : 4599752.09, "spend" : 1893695.59, "clicks" : 451042, "conversions" : 81126, "roi" : 31697.38, "status" : "Excellent"}, {"campaignName" : "Campaign #0143", "budget" : 1757939.65, "spend" : 1305136.19, "clicks" : 356854, "conversions" : 75289, "roi" : 51983.76, "status" : "Excellent"}, {"campaignName" : "Campaign #0234", "budget" : 2664880.71, "spend" : 2116340.68, "clicks" : 472235, "conversions" : 75520, "roi" : 12282.72, "status" : "Excellent"}, {"campaignName" : "Campaign #0228", "budget" : 4908577.51, "spend" : 1693093.18, "clicks" : 400130, "conversions" : 86331, "roi" : 32992.12, "status" : "Excellent"}, {"campaignName" : "Campaign #0081", "budget" : 4798333.68, "spend" : 2579647.88, "clicks" : 439856, "conversions" : 100699, "roi" : 40227.48, "status" : "Excellent"}, {"campaignName" : "Campaign #0104", "budget" : 3566259.40, "spend" : 1247199.08, "clicks" : 315544, "conversions" : 53795, "roi" : 92920.30, "status" : "Excellent"}, {"campaignName" : "Campaign #0235", "budget" : 4507926.27, "spend" : 2266766.30, "clicks" : 313714, "conversions" : 72260, "roi" : 22500.48, "status" : "Excellent"}, {"campaignName" : "Campaign #0103", "budget" : 4955901.79, "spend" : 1716871.33, "clicks" : 331495, "conversions" : 65150, "roi" : 45003.57, "status" : "Excellent"}, {"campaignName" : "Campaign #0220", "budget" : 2131911.01, "spend" : 1899033.48, "clicks" : 299889, "conversions" : 68274, "roi" : 47846.52, "status" : "Excellent"}, {"campaignName" : "Campaign #0045", "budget" : 3808557.97, "spend" : 2662017.77, "clicks" : 457477, "conversions" : 81844, "roi" : 17094.58, "status" : "Excellent"}, {"campaignName" : "Campaign #0053", "budget" : 2537402.73, "spend" : 1067338.39, "clicks" : 343457, "conversions" : 62265, "roi" : 24460.18, "status" : "Excellent"}, {"campaignName" : "Campaign #0188", "budget" : 4752091.27, "spend" : 2962784.56, "clicks" : 463000, "conversions" : 91170, "roi" : 22364.68, "status" : "Excellent"}, {"campaignName" : "Campaign #0113", "budget" : 718145.71, "spend" : 2684170.27, "clicks" : 534271, "conversions" : 86262, "roi" : 26112.64, "status" : "Excellent"}, {"campaignName" : "Campaign #0183", "budget" : 4375644.86, "spend" : 1682122.77, "clicks" : 218711, "conversions" : 68078, "roi" : 26084.38, "status" : "Excellent"}, {"campaignName" : "Campaign #0001", "budget" : 4774404.83, "spend" : 2163322.83, "clicks" : 557294, "conversions" : 100623, "roi" : 10564.15, "status" : "Excellent"}, {"campaignName" : "Campaign #0171", "budget" : 2777338.98, "spend" : 2179185.38, "clicks" : 473567, "conversions" : 82563, "roi" : 22457.95, "status" : "Excellent"}, {"campaignName" : "Campaign #0064", "budget" : 3890094.28, "spend" : 2020721.73, "clicks" : 545216, "conversions" : 98052, "roi" : 57042.88, "status" : "Excellent"}, {"campaignName" : "Campaign #0023", "budget" : 1149394.98, "spend" : 1754814.38, "clicks" : 405605, "conversions" : 56441, "roi" : 26037.84, "status" : "Excellent"}]
