[{"channel" : "Email", "spend" : 69067800.73, "clicks" : 13541599, "conversions" : 2647996, "conversionRate" : 19.55, "efficiencyRank" : 5}, {"channel" : "Meta", "spend" : 65196086.13, "clicks" : 12293080, "conversions" : 2449240, "conversionRate" : 19.92, "efficiencyRank" : 3}, {"channel" : "OOH", "spend" : 64504916.09, "clicks" : 12491698, "conversions" : 2412624, "conversionRate" : 19.31, "efficiencyRank" : 6}, {"channel" : "YouTube", "spend" : 64151355.18, "clicks" : 12794565, "conversions" : 2464295, "conversionRate" : 19.26, "efficiencyRank" : 7}, {"channel" : "Google", "spend" : 62778196.69, "clicks" : 12480544, "conversions" : 2676256, "conversionRate" : 21.44, "efficiencyRank" : 1}, {"channel" : "Print", "spend" : 61208631.03, "clicks" : 12297594, "conversions" : 2528233, "conversionRate" : 20.56, "efficiencyRank" : 2}, {"channel" : "Affiliate", "spend" : 61079759.73, "clicks" : 12249510, "conversions" : 2332063, "conversionRate" : 19.04, "efficiencyRank" : 8}, {"channel" : "TV", "spend" : 60636516.73, "clicks" : 11938639, "conversions" : 2360451, "conversionRate" : 19.77, "efficiencyRank" : 4}]
