[{"paymentMode" : "Cash", "transactions" : 7491, "orders" : 7491, "amount" : 2557930518.85, "avgAmount" : 341467.16, "pctRevenue" : 20.23, "pctTransactions" : 19.89, "rank" : 1}, {"paymentMode" : "Credit Card", "transactions" : 7607, "orders" : 7607, "amount" : 2542913099.68, "avgAmount" : 334285.93, "pctRevenue" : 20.11, "pctTransactions" : 20.20, "rank" : 2}, {"paymentMode" : "Net Banking", "transactions" : 7459, "orders" : 7459, "amount" : 2519001379.54, "avgAmount" : 337713.02, "pctRevenue" : 19.92, "pctTransactions" : 19.81, "rank" : 3}, {"paymentMode" : "UPI", "transactions" : 7541, "orders" : 7541, "amount" : 2516469789.85, "avgAmount" : 333705.05, "pctRevenue" : 19.90, "pctTransactions" : 20.03, "rank" : 4}, {"paymentMode" : "Debit Card", "transactions" : 7557, "orders" : 7557, "amount" : 2508303921.43, "avgAmount" : 331917.95, "pctRevenue" : 19.84, "pctTransactions" : 20.07, "rank" : 5}]
