[{"date" : "2025-09-01", "dayName" : "Mon", "dayType" : "Weekday", "orders" : 50, "revenue" : 49173949.24, "aov" : 413226.46, "items" : 349, "dodGrowth" : 2.20, "movingAvg7D" : 58764974.71}, {"date" : "2025-09-02", "dayName" : "Tue", "dayType" : "Weekday", "orders" : 62, "revenue" : 56562854.25, "aov" : 395544.44, "items" : 442, "dodGrowth" : 15.03, "movingAvg7D" : 58997435.04}, {"date" : "2025-09-03", "dayName" : "Wed", "dayType" : "Weekday", "orders" : 56, "revenue" : 64342092.29, "aov" : 428947.28, "items" : 442, "dodGrowth" : 13.75, "movingAvg7D" : 56915585.90}, {"date" : "2025-09-04", "dayName" : "Thu", "dayType" : "Weekday", "orders" : 48, "revenue" : 51736952.40, "aov" : 420625.63, "items" : 375, "dodGrowth" : -19.59, "movingAvg7D" : 55431913.13}, {"date" : "2025-09-05", "dayName" : "Fri", "dayType" : "Weekday", "orders" : 64, "revenue" : 65370494.13, "aov" : 389110.08, "items" : 447, "dodGrowth" : 26.35, "movingAvg7D" : 55702930.72}, {"date" : "2025-09-06", "dayName" : "Sat", "dayType" : "Weekend", "orders" : 60, "revenue" : 68930581.58, "aov" : 465747.17, "items" : 476, "dodGrowth" : 5.45, "movingAvg7D" : 57747547.35}, {"date" : "2025-09-07", "dayName" : "Sun", "dayType" : "Weekend", "orders" : 65, "revenue" : 61455716.83, "aov" : 384098.23, "items" : 474, "dodGrowth" : -10.84, "movingAvg7D" : 59653234.39}, {"date" : "2025-09-08", "dayName" : "Mon", "dayType" : "Weekday", "orders" : 68, "revenue" : 73243136.01, "aov" : 423370.73, "items" : 520, "dodGrowth" : 19.18, "movingAvg7D" : 63091689.64}, {"date" : "2025-09-09", "dayName" : "Tue", "dayType" : "Weekday", "orders" : 53, "revenue" : 56637610.72, "aov" : 410417.47, "items" : 413, "dodGrowth" : -22.67, "movingAvg7D" : 63102369.14}, {"date" : "2025-09-10", "dayName" : "Wed", "dayType" : "Weekday", "orders" : 51, "revenue" : 61681119.26, "aov" : 434374.08, "items" : 408, "dodGrowth" : 8.90, "movingAvg7D" : 62722230.13}, {"date" : "2025-09-11", "dayName" : "Thu", "dayType" : "Weekday", "orders" : 77, "revenue" : 73351616.44, "aov" : 409785.57, "items" : 540, "dodGrowth" : 18.92, "movingAvg7D" : 65810039.28}, {"date" : "2025-09-12", "dayName" : "Fri", "dayType" : "Weekday", "orders" : 68, "revenue" : 71736163.17, "aov" : 417070.72, "items" : 538, "dodGrowth" : -2.20, "movingAvg7D" : 66719420.57}, {"date" : "2025-09-13", "dayName" : "Sat", "dayType" : "Weekend", "orders" : 64, "revenue" : 55921276.58, "aov" : 363125.17, "items" : 448, "dodGrowth" : -22.05, "movingAvg7D" : 64860948.43}, {"date" : "2025-09-14", "dayName" : "Sun", "dayType" : "Weekend", "orders" : 57, "revenue" : 60841623.64, "aov" : 416723.45, "items" : 466, "dodGrowth" : 8.80, "movingAvg7D" : 64773220.83}, {"date" : "2025-09-15", "dayName" : "Mon", "dayType" : "Weekday", "orders" : 63, "revenue" : 80585894.86, "aov" : 476839.61, "items" : 569, "dodGrowth" : 32.45, "movingAvg7D" : 65822186.38}, {"date" : "2025-09-16", "dayName" : "Tue", "dayType" : "Weekday", "orders" : 51, "revenue" : 57641919.17, "aov" : 426977.18, "items" : 411, "dodGrowth" : -28.47, "movingAvg7D" : 65965659.02}, {"date" : "2025-09-17", "dayName" : "Wed", "dayType" : "Weekday", "orders" : 50, "revenue" : 41478660.57, "aov" : 370345.18, "items" : 327, "dodGrowth" : -28.04, "movingAvg7D" : 63079593.49}, {"date" : "2025-09-18", "dayName" : "Thu", "dayType" : "Weekday", "orders" : 59, "revenue" : 68427812.19, "aov" : 444336.44, "items" : 479, "dodGrowth" : 64.97, "movingAvg7D" : 62376192.88}, {"date" : "2025-09-19", "dayName" : "Fri", "dayType" : "Weekday", "orders" : 68, "revenue" : 63896640.41, "aov" : 396873.54, "items" : 494, "dodGrowth" : -6.62, "movingAvg7D" : 61256261.06}, {"date" : "2025-09-20", "dayName" : "Sat", "dayType" : "Weekend", "orders" : 49, "revenue" : 50410649.38, "aov" : 400084.52, "items" : 390, "dodGrowth" : -21.11, "movingAvg7D" : 60469028.60}, {"date" : "2025-09-21", "dayName" : "Sun", "dayType" : "Weekend", "orders" : 58, "revenue" : 59910392.33, "aov" : 407553.69, "items" : 450, "dodGrowth" : 18.84, "movingAvg7D" : 60335995.56}, {"date" : "2025-09-22", "dayName" : "Mon", "dayType" : "Weekday", "orders" : 63, "revenue" : 71584480.35, "aov" : 426098.10, "items" : 514, "dodGrowth" : 19.49, "movingAvg7D" : 59050079.20}, {"date" : "2025-09-23", "dayName" : "Tue", "dayType" : "Weekday", "orders" : 62, "revenue" : 56953454.53, "aov" : 369827.63, "items" : 426, "dodGrowth" : -20.44, "movingAvg7D" : 58951727.11}, {"date" : "2025-09-24", "dayName" : "Wed", "dayType" : "Weekday", "orders" : 55, "revenue" : 58460472.70, "aov" : 397690.29, "items" : 465, "dodGrowth" : 2.65, "movingAvg7D" : 61377700.27}, {"date" : "2025-09-25", "dayName" : "Thu", "dayType" : "Weekday", "orders" : 55, "revenue" : 62538058.09, "aov" : 428342.86, "items" : 443, "dodGrowth" : 6.97, "movingAvg7D" : 60536306.83}, {"date" : "2025-09-26", "dayName" : "Fri", "dayType" : "Weekday", "orders" : 48, "revenue" : 52414169.82, "aov" : 451846.29, "items" : 367, "dodGrowth" : -16.19, "movingAvg7D" : 58895953.89}, {"date" : "2025-09-27", "dayName" : "Sat", "dayType" : "Weekend", "orders" : 61, "revenue" : 55022184.14, "aov" : 384770.52, "items" : 415, "dodGrowth" : 4.98, "movingAvg7D" : 59554744.57}, {"date" : "2025-09-28", "dayName" : "Sun", "dayType" : "Weekend", "orders" : 60, "revenue" : 61791051.50, "aov" : 401240.59, "items" : 477, "dodGrowth" : 12.30, "movingAvg7D" : 59823410.16}, {"date" : "2025-09-29", "dayName" : "Mon", "dayType" : "Weekday", "orders" : 64, "revenue" : 68822343.12, "aov" : 412109.84, "items" : 498, "dodGrowth" : 11.38, "movingAvg7D" : 59428819.13}, {"date" : "2025-09-30", "dayName" : "Tue", "dayType" : "Weekday", "orders" : 76, "revenue" : 70989433.83, "aov" : 364048.38, "items" : 572, "dodGrowth" : 3.15, "movingAvg7D" : 61433959.03}, {"date" : "2025-10-01", "dayName" : "Wed", "dayType" : "Weekday", "orders" : 69, "revenue" : 71650181.91, "aov" : 402529.11, "items" : 554, "dodGrowth" : 0.93, "movingAvg7D" : 63318203.20}, {"date" : "2025-10-02", "dayName" : "Thu", "dayType" : "Weekday", "orders" : 0, "revenue" : 0.00, "aov" : 0.00, "items" : 0, "dodGrowth" : -100.00, "movingAvg7D" : 54384194.90}, {"date" : "2025-10-03", "dayName" : "Fri", "dayType" : "Weekday", "orders" : 0, "revenue" : 0.00, "aov" : 0.00, "items" : 0, "dodGrowth" : null, "movingAvg7D" : 46896456.36}, {"date" : "2025-10-04", "dayName" : "Sat", "dayType" : "Weekend", "orders" : 0, "revenue" : 0.00, "aov" : 0.00, "items" : 0, "dodGrowth" : null, "movingAvg7D" : 39036144.34}, {"date" : "2025-10-05", "dayName" : "Sun", "dayType" : "Weekend", "orders" : 0, "revenue" : 0.00, "aov" : 0.00, "items" : 0, "dodGrowth" : null, "movingAvg7D" : 30208851.27}, {"date" : "2025-10-06", "dayName" : "Mon", "dayType" : "Weekday", "orders" : 0, "revenue" : 0.00, "aov" : 0.00, "items" : 0, "dodGrowth" : null, "movingAvg7D" : 20377087.96}, {"date" : "2025-10-07", "dayName" : "Tue", "dayType" : "Weekday", "orders" : 0, "revenue" : 0.00, "aov" : 0.00, "items" : 0, "dodGrowth" : null, "movingAvg7D" : 10235740.27}, {"date" : "2025-10-08", "dayName" : "Wed", "dayType" : "Weekday", "orders" : 0, "revenue" : 0.00, "aov" : 0.00, "items" : 0, "dodGrowth" : null, "movingAvg7D" : 0.00}, {"date" : "2025-10-09", "dayName" : "Thu", "dayType" : "Weekday", "orders" : 0, "revenue" : 0.00, "aov" : 0.00, "items" : 0, "dodGrowth" : null, "movingAvg7D" : 0.00}, {"date" : "2025-10-10", "dayName" : "Fri", "dayType" : "Weekday", "orders" : 0, "revenue" : 0.00, "aov" : 0.00, "items" : 0, "dodGrowth" : null, "movingAvg7D" : 0.00}, {"date" : "2025-10-11", "dayName" : "Sat", "dayType" : "Weekend", "orders" : 0, "revenue" : 0.00, "aov" : 0.00, "items" : 0, "dodGrowth" : null, "movingAvg7D" : 0.00}, {"date" : "2025-10-12", "dayName" : "Sun", "dayType" : "Weekend", "orders" : 0, "revenue" : 0.00, "aov" : 0.00, "items" : 0, "dodGrowth" : null, "movingAvg7D" : 0.00}, {"date" : "2025-10-13", "dayName" : "Mon", "dayType" : "Weekday", "orders" : 0, "revenue" : 0.00, "aov" : 0.00, "items" : 0, "dodGrowth" : null, "movingAvg7D" : 0.00}, {"date" : "2025-10-14", "dayName" : "Tue", "dayType" : "Weekday", "orders" : 0, "revenue" : 0.00, "aov" : 0.00, "items" : 0, "dodGrowth" : null, "movingAvg7D" : 0.00}, {"date" : "2025-10-15", "dayName" : "Wed", "dayType" : "Weekday", "orders" : 0, "revenue" : 0.00, "aov" : 0.00, "items" : 0, "dodGrowth" : null, "movingAvg7D" : 0.00}, {"date" : "2025-10-16", "dayName" : "Thu", "dayType" : "Weekday", "orders" : 0, "revenue" : 0.00, "aov" : 0.00, "items" : 0, "dodGrowth" : null, "movingAvg7D" : 0.00}, {"date" : "2025-10-17", "dayName" : "Fri", "dayType" : "Weekday", "orders" : 0, "revenue" : 0.00, "aov" : 0.00, "items" : 0, "dodGrowth" : null, "movingAvg7D" : 0.00}, {"date" : "2025-10-18", "dayName" : "Sat", "dayType" : "Weekend", "orders" : 0, "revenue" : 0.00, "aov" : 0.00, "items" : 0, "dodGrowth" : null, "movingAvg7D" : 0.00}, {"date" : "2025-10-19", "dayName" : "Sun", "dayType" : "Weekend", "orders" : 0, "revenue" : 0.00, "aov" : 0.00, "items" : 0, "dodGrowth" : null, "movingAvg7D" : 0.00}, {"date" : "2025-10-20", "dayName" : "Mon", "dayType" : "Weekday", "orders" : 0, "revenue" : 0.00, "aov" : 0.00, "items" : 0, "dodGrowth" : null, "movingAvg7D" : 0.00}, {"date" : "2025-10-21", "dayName" : "Tue", "dayType" : "Weekday", "orders" : 0, "revenue" : 0.00, "aov" : 0.00, "items" : 0, "dodGrowth" : null, "movingAvg7D" : 0.00}, {"date" : "2025-10-22", "dayName" : "Wed", "dayType" : "Weekday", "orders" : 0, "revenue" : 0.00, "aov" : 0.00, "items" : 0, "dodGrowth" : null, "movingAvg7D" : 0.00}, {"date" : "2025-10-23", "dayName" : "Thu", "dayType" : "Weekday", "orders" : 0, "revenue" : 0.00, "aov" : 0.00, "items" : 0, "dodGrowth" : null, "movingAvg7D" : 0.00}, {"date" : "2025-10-24", "dayName" : "Fri", "dayType" : "Weekday", "orders" : 0, "revenue" : 0.00, "aov" : 0.00, "items" : 0, "dodGrowth" : null, "movingAvg7D" : 0.00}, {"date" : "2025-10-25", "dayName" : "Sat", "dayType" : "Weekend", "orders" : 0, "revenue" : 0.00, "aov" : 0.00, "items" : 0, "dodGrowth" : null, "movingAvg7D" : 0.00}, {"date" : "2025-10-26", "dayName" : "Sun", "dayType" : "Weekend", "orders" : 0, "revenue" : 0.00, "aov" : 0.00, "items" : 0, "dodGrowth" : null, "movingAvg7D" : 0.00}, {"date" : "2025-10-27", "dayName" : "Mon", "dayType" : "Weekday", "orders" : 0, "revenue" : 0.00, "aov" : 0.00, "items" : 0, "dodGrowth" : null, "movingAvg7D" : 0.00}, {"date" : "2025-10-28", "dayName" : "Tue", "dayType" : "Weekday", "orders" : 0, "revenue" : 0.00, "aov" : 0.00, "items" : 0, "dodGrowth" : null, "movingAvg7D" : 0.00}, {"date" : "2025-10-29", "dayName" : "Wed", "dayType" : "Weekday", "orders" : 0, "revenue" : 0.00, "aov" : 0.00, "items" : 0, "dodGrowth" : null, "movingAvg7D" : 0.00}, {"date" : "2025-10-30", "dayName" : "Thu", "dayType" : "Weekday", "orders" : 0, "revenue" : 0.00, "aov" : 0.00, "items" : 0, "dodGrowth" : null, "movingAvg7D" : 0.00}, {"date" : "2025-10-31", "dayName" : "Fri", "dayType" : "Weekday", "orders" : 0, "revenue" : 0.00, "aov" : 0.00, "items" : 0, "dodGrowth" : null, "movingAvg7D" : 0.00}, {"date" : "2025-11-01", "dayName" : "Sat", "dayType" : "Weekend", "orders" : 0, "revenue" : 0.00, "aov" : 0.00, "items" : 0, "dodGrowth" : null, "movingAvg7D" : 0.00}, {"date" : "2025-11-02", "dayName" : "Sun", "dayType" : "Weekend", "orders" : 0, "revenue" : 0.00, "aov" : 0.00, "items" : 0, "dodGrowth" : null, "movingAvg7D" : 0.00}, {"date" : "2025-11-03", "dayName" : "Mon", "dayType" : "Weekday", "orders" : 0, "revenue" : 0.00, "aov" : 0.00, "items" : 0, "dodGrowth" : null, "movingAvg7D" : 0.00}, {"date" : "2025-11-04", "dayName" : "Tue", "dayType" : "Weekday", "orders" : 0, "revenue" : 0.00, "aov" : 0.00, "items" : 0, "dodGrowth" : null, "movingAvg7D" : 0.00}, {"date" : "2025-11-05", "dayName" : "Wed", "dayType" : "Weekday", "orders" : 0, "revenue" : 0.00, "aov" : 0.00, "items" : 0, "dodGrowth" : null, "movingAvg7D" : 0.00}, {"date" : "2025-11-06", "dayName" : "Thu", "dayType" : "Weekday", "orders" : 0, "revenue" : 0.00, "aov" : 0.00, "items" : 0, "dodGrowth" : null, "movingAvg7D" : 0.00}, {"date" : "2025-11-07", "dayName" : "Fri", "dayType" : "Weekday", "orders" : 0, "revenue" : 0.00, "aov" : 0.00, "items" : 0, "dodGrowth" : null, "movingAvg7D" : 0.00}, {"date" : "2025-11-08", "dayName" : "Sat", "dayType" : "Weekend", "orders" : 0, "revenue" : 0.00, "aov" : 0.00, "items" : 0, "dodGrowth" : null, "movingAvg7D" : 0.00}, {"date" : "2025-11-09", "dayName" : "Sun", "dayType" : "Weekend", "orders" : 0, "revenue" : 0.00, "aov" : 0.00, "items" : 0, "dodGrowth" : null, "movingAvg7D" : 0.00}, {"date" : "2025-11-10", "dayName" : "Mon", "dayType" : "Weekday", "orders" : 0, "revenue" : 0.00, "aov" : 0.00, "items" : 0, "dodGrowth" : null, "movingAvg7D" : 0.00}, {"date" : "2025-11-11", "dayName" : "Tue", "dayType" : "Weekday", "orders" : 0, "revenue" : 0.00, "aov" : 0.00, "items" : 0, "dodGrowth" : null, "movingAvg7D" : 0.00}, {"date" : "2025-11-12", "dayName" : "Wed", "dayType" : "Weekday", "orders" : 0, "revenue" : 0.00, "aov" : 0.00, "items" : 0, "dodGrowth" : null, "movingAvg7D" : 0.00}, {"date" : "2025-11-13", "dayName" : "Thu", "dayType" : "Weekday", "orders" : 0, "revenue" : 0.00, "aov" : 0.00, "items" : 0, "dodGrowth" : null, "movingAvg7D" : 0.00}, {"date" : "2025-11-14", "dayName" : "Fri", "dayType" : "Weekday", "orders" : 0, "revenue" : 0.00, "aov" : 0.00, "items" : 0, "dodGrowth" : null, "movingAvg7D" : 0.00}, {"date" : "2025-11-15", "dayName" : "Sat", "dayType" : "Weekend", "orders" : 0, "revenue" : 0.00, "aov" : 0.00, "items" : 0, "dodGrowth" : null, "movingAvg7D" : 0.00}, {"date" : "2025-11-16", "dayName" : "Sun", "dayType" : "Weekend", "orders" : 0, "revenue" : 0.00, "aov" : 0.00, "items" : 0, "dodGrowth" : null, "movingAvg7D" : 0.00}, {"date" : "2025-11-17", "dayName" : "Mon", "dayType" : "Weekday", "orders" : 0, "revenue" : 0.00, "aov" : 0.00, "items" : 0, "dodGrowth" : null, "movingAvg7D" : 0.00}, {"date" : "2025-11-18", "dayName" : "Tue", "dayType" : "Weekday", "orders" : 0, "revenue" : 0.00, "aov" : 0.00, "items" : 0, "dodGrowth" : null, "movingAvg7D" : 0.00}, {"date" : "2025-11-19", "dayName" : "Wed", "dayType" : "Weekday", "orders" : 0, "revenue" : 0.00, "aov" : 0.00, "items" : 0, "dodGrowth" : null, "movingAvg7D" : 0.00}, {"date" : "2025-11-20", "dayName" : "Thu", "dayType" : "Weekday", "orders" : 0, "revenue" : 0.00, "aov" : 0.00, "items" : 0, "dodGrowth" : null, "movingAvg7D" : 0.00}, {"date" : "2025-11-21", "dayName" : "Fri", "dayType" : "Weekday", "orders" : 0, "revenue" : 0.00, "aov" : 0.00, "items" : 0, "dodGrowth" : null, "movingAvg7D" : 0.00}, {"date" : "2025-11-22", "dayName" : "Sat", "dayType" : "Weekend", "orders" : 0, "revenue" : 0.00, "aov" : 0.00, "items" : 0, "dodGrowth" : null, "movingAvg7D" : 0.00}, {"date" : "2025-11-23", "dayName" : "Sun", "dayType" : "Weekend", "orders" : 0, "revenue" : 0.00, "aov" : 0.00, "items" : 0, "dodGrowth" : null, "movingAvg7D" : 0.00}, {"date" : "2025-11-24", "dayName" : "Mon", "dayType" : "Weekday", "orders" : 0, "revenue" : 0.00, "aov" : 0.00, "items" : 0, "dodGrowth" : null, "movingAvg7D" : 0.00}, {"date" : "2025-11-25", "dayName" : "Tue", "dayType" : "Weekday", "orders" : 0, "revenue" : 0.00, "aov" : 0.00, "items" : 0, "dodGrowth" : null, "movingAvg7D" : 0.00}, {"date" : "2025-11-26", "dayName" : "Wed", "dayType" : "Weekday", "orders" : 0, "revenue" : 0.00, "aov" : 0.00, "items" : 0, "dodGrowth" : null, "movingAvg7D" : 0.00}, {"date" : "2025-11-27", "dayName" : "Thu", "dayType" : "Weekday", "orders" : 0, "revenue" : 0.00, "aov" : 0.00, "items" : 0, "dodGrowth" : null, "movingAvg7D" : 0.00}, {"date" : "2025-11-28", "dayName" : "Fri", "dayType" : "Weekday", "orders" : 0, "revenue" : 0.00, "aov" : 0.00, "items" : 0, "dodGrowth" : null, "movingAvg7D" : 0.00}, {"date" : "2025-11-29", "dayName" : "Sat", "dayType" : "Weekend", "orders" : 0, "revenue" : 0.00, "aov" : 0.00, "items" : 0, "dodGrowth" : null, "movingAvg7D" : 0.00}, {"date" : "2025-11-30", "dayName" : "Sun", "dayType" : "Weekend", "orders" : 0, "revenue" : 0.00, "aov" : 0.00, "items" : 0, "dodGrowth" : null, "movingAvg7D" : 0.00}, {"date" : "2025-12-01", "dayName" : "Mon", "dayType" : "Weekday", "orders" : 0, "revenue" : 0.00, "aov" : 0.00, "items" : 0, "dodGrowth" : null, "movingAvg7D" : 0.00}, {"date" : "2025-12-02", "dayName" : "Tue", "dayType" : "Weekday", "orders" : 0, "revenue" : 0.00, "aov" : 0.00, "items" : 0, "dodGrowth" : null, "movingAvg7D" : 0.00}, {"date" : "2025-12-03", "dayName" : "Wed", "dayType" : "Weekday", "orders" : 0, "revenue" : 0.00, "aov" : 0.00, "items" : 0, "dodGrowth" : null, "movingAvg7D" : 0.00}, {"date" : "2025-12-04", "dayName" : "Thu", "dayType" : "Weekday", "orders" : 0, "revenue" : 0.00, "aov" : 0.00, "items" : 0, "dodGrowth" : null, "movingAvg7D" : 0.00}, {"date" : "2025-12-05", "dayName" : "Fri", "dayType" : "Weekday", "orders" : 0, "revenue" : 0.00, "aov" : 0.00, "items" : 0, "dodGrowth" : null, "movingAvg7D" : 0.00}, {"date" : "2025-12-06", "dayName" : "Sat", "dayType" : "Weekend", "orders" : 0, "revenue" : 0.00, "aov" : 0.00, "items" : 0, "dodGrowth" : null, "movingAvg7D" : 0.00}, {"date" : "2025-12-07", "dayName" : "Sun", "dayType" : "Weekend", "orders" : 0, "revenue" : 0.00, "aov" : 0.00, "items" : 0, "dodGrowth" : null, "movingAvg7D" : 0.00}, {"date" : "2025-12-08", "dayName" : "Mon", "dayType" : "Weekday", "orders" : 0, "revenue" : 0.00, "aov" : 0.00, "items" : 0, "dodGrowth" : null, "movingAvg7D" : 0.00}, {"date" : "2025-12-09", "dayName" : "Tue", "dayType" : "Weekday", "orders" : 0, "revenue" : 0.00, "aov" : 0.00, "items" : 0, "dodGrowth" : null, "movingAvg7D" : 0.00}, {"date" : "2025-12-10", "dayName" : "Wed", "dayType" : "Weekday", "orders" : 0, "revenue" : 0.00, "aov" : 0.00, "items" : 0, "dodGrowth" : null, "movingAvg7D" : 0.00}, {"date" : "2025-12-11", "dayName" : "Thu", "dayType" : "Weekday", "orders" : 0, "revenue" : 0.00, "aov" : 0.00, "items" : 0, "dodGrowth" : null, "movingAvg7D" : 0.00}, {"date" : "2025-12-12", "dayName" : "Fri", "dayType" : "Weekday", "orders" : 0, "revenue" : 0.00, "aov" : 0.00, "items" : 0, "dodGrowth" : null, "movingAvg7D" : 0.00}, {"date" : "2025-12-13", "dayName" : "Sat", "dayType" : "Weekend", "orders" : 0, "revenue" : 0.00, "aov" : 0.00, "items" : 0, "dodGrowth" : null, "movingAvg7D" : 0.00}, {"date" : "2025-12-14", "dayName" : "Sun", "dayType" : "Weekend", "orders" : 0, "revenue" : 0.00, "aov" : 0.00, "items" : 0, "dodGrowth" : null, "movingAvg7D" : 0.00}, {"date" : "2025-12-15", "dayName" : "Mon", "dayType" : "Weekday", "orders" : 0, "revenue" : 0.00, "aov" : 0.00, "items" : 0, "dodGrowth" : null, "movingAvg7D" : 0.00}, {"date" : "2025-12-16", "dayName" : "Tue", "dayType" : "Weekday", "orders" : 0, "revenue" : 0.00, "aov" : 0.00, "items" : 0, "dodGrowth" : null, "movingAvg7D" : 0.00}, {"date" : "2025-12-17", "dayName" : "Wed", "dayType" : "Weekday", "orders" : 0, "revenue" : 0.00, "aov" : 0.00, "items" : 0, "dodGrowth" : null, "movingAvg7D" : 0.00}, {"date" : "2025-12-18", "dayName" : "Thu", "dayType" : "Weekday", "orders" : 0, "revenue" : 0.00, "aov" : 0.00, "items" : 0, "dodGrowth" : null, "movingAvg7D" : 0.00}, {"date" : "2025-12-19", "dayName" : "Fri", "dayType" : "Weekday", "orders" : 0, "revenue" : 0.00, "aov" : 0.00, "items" : 0, "dodGrowth" : null, "movingAvg7D" : 0.00}, {"date" : "2025-12-20", "dayName" : "Sat", "dayType" : "Weekend", "orders" : 0, "revenue" : 0.00, "aov" : 0.00, "items" : 0, "dodGrowth" : null, "movingAvg7D" : 0.00}, {"date" : "2025-12-21", "dayName" : "Sun", "dayType" : "Weekend", "orders" : 0, "revenue" : 0.00, "aov" : 0.00, "items" : 0, "dodGrowth" : null, "movingAvg7D" : 0.00}, {"date" : "2025-12-22", "dayName" : "Mon", "dayType" : "Weekday", "orders" : 0, "revenue" : 0.00, "aov" : 0.00, "items" : 0, "dodGrowth" : null, "movingAvg7D" : 0.00}, {"date" : "2025-12-23", "dayName" : "Tue", "dayType" : "Weekday", "orders" : 0, "revenue" : 0.00, "aov" : 0.00, "items" : 0, "dodGrowth" : null, "movingAvg7D" : 0.00}, {"date" : "2025-12-24", "dayName" : "Wed", "dayType" : "Weekday", "orders" : 0, "revenue" : 0.00, "aov" : 0.00, "items" : 0, "dodGrowth" : null, "movingAvg7D" : 0.00}, {"date" : "2025-12-25", "dayName" : "Thu", "dayType" : "Weekday", "orders" : 0, "revenue" : 0.00, "aov" : 0.00, "items" : 0, "dodGrowth" : null, "movingAvg7D" : 0.00}, {"date" : "2025-12-26", "dayName" : "Fri", "dayType" : "Weekday", "orders" : 0, "revenue" : 0.00, "aov" : 0.00, "items" : 0, "dodGrowth" : null, "movingAvg7D" : 0.00}, {"date" : "2025-12-27", "dayName" : "Sat", "dayType" : "Weekend", "orders" : 0, "revenue" : 0.00, "aov" : 0.00, "items" : 0, "dodGrowth" : null, "movingAvg7D" : 0.00}, {"date" : "2025-12-28", "dayName" : "Sun", "dayType" : "Weekend", "orders" : 0, "revenue" : 0.00, "aov" : 0.00, "items" : 0, "dodGrowth" : null, "movingAvg7D" : 0.00}, {"date" : "2025-12-29", "dayName" : "Mon", "dayType" : "Weekday", "orders" : 0, "revenue" : 0.00, "aov" : 0.00, "items" : 0, "dodGrowth" : null, "movingAvg7D" : 0.00}, {"date" : "2025-12-30", "dayName" : "Tue", "dayType" : "Weekday", "orders" : 0, "revenue" : 0.00, "aov" : 0.00, "items" : 0, "dodGrowth" : null, "movingAvg7D" : 0.00}, {"date" : "2025-12-31", "dayName" : "Wed", "dayType" : "Weekday", "orders" : 0, "revenue" : 0.00, "aov" : 0.00, "items" : 0, "dodGrowth" : null, "movingAvg7D" : 0.00}]
