[{"courier" : "Xpressbees", "shipments" : 22457, "avgDays" : 4.0, "onTimePct" : 43.44, "speedRank" : 1, "reliabilityRank" : 1, "performanceScore" : 48.4}, {"courier" : "Delhivery", "shipments" : 22463, "avgDays" : 4.0, "onTimePct" : 42.83, "speedRank" : 3, "reliabilityRank" : 2, "performanceScore" : 48.0}, {"courier" : "BlueDart", "shipments" : 22522, "avgDays" : 4.0, "onTimePct" : 42.81, "speedRank" : 4, "reliabilityRank" : 3, "performanceScore" : 48.0}, {"courier" : "IndiaPost", "shipments" : 22695, "avgDays" : 4.0, "onTimePct" : 42.54, "speedRank" : 2, "reliabilityRank" : 4, "performanceScore" : 47.8}, {"courier" : "ECom", "shipments" : 22666, "avgDays" : 4.0, "onTimePct" : 42.38, "speedRank" : 5, "reliabilityRank" : 5, "performanceScore" : 47.7}]
