[{"month" : "Oct 2025", "shipments" : 894, "delivered" : 614, "avgDeliveryDays" : 4.0, "onTimePct" : 42.35, "slaStatus" : "Critical"}, {"month" : "Sep 2025", "shipments" : 5183, "delivered" : 3437, "avgDeliveryDays" : 4.0, "onTimePct" : 44.11, "slaStatus" : "Critical"}, {"month" : "Aug 2025", "shipments" : 5503, "delivered" : 3678, "avgDeliveryDays" : 4.0, "onTimePct" : 42.22, "slaStatus" : "Critical"}, {"month" : "Jul 2025", "shipments" : 5401, "delivered" : 3554, "avgDeliveryDays" : 4.0, "onTimePct" : 43.30, "slaStatus" : "Critical"}, {"month" : "Jun 2025", "shipments" : 5333, "delivered" : 3541, "avgDeliveryDays" : 4.0, "onTimePct" : 43.04, "slaStatus" : "Critical"}, {"month" : "May 2025", "shipments" : 5430, "delivered" : 3586, "avgDeliveryDays" : 4.1, "onTimePct" : 41.16, "slaStatus" : "Critical"}, {"month" : "Apr 2025", "shipments" : 5354, "delivered" : 3593, "avgDeliveryDays" : 4.0, "onTimePct" : 42.39, "slaStatus" : "Critical"}, {"month" : "Mar 2025", "shipments" : 5412, "delivered" : 3588, "avgDeliveryDays" : 4.0, "onTimePct" : 43.03, "slaStatus" : "Critical"}, {"month" : "Feb 2025", "shipments" : 4864, "delivered" : 3227, "avgDeliveryDays" : 4.0, "onTimePct" : 42.92, "slaStatus" : "Critical"}, {"month" : "Jan 2025", "shipments" : 5546, "delivered" : 3731, "avgDeliveryDays" : 4.0, "onTimePct" : 42.08, "slaStatus" : "Critical"}, {"month" : "Dec 2024", "shipments" : 5326, "delivered" : 3546, "avgDeliveryDays" : 4.0, "onTimePct" : 42.24, "slaStatus" : "Critical"}, {"month" : "Nov 2024", "shipments" : 5319, "delivered" : 3500, "avgDeliveryDays" : 4.0, "onTimePct" : 43.09, "slaStatus" : "Critical"}, {"month" : "Oct 2024", "shipments" : 5493, "delivered" : 3667, "avgDeliveryDays" : 4.0, "onTimePct" : 42.71, "slaStatus" : "Critical"}, {"month" : "Sep 2024", "shipments" : 5436, "delivered" : 3626, "avgDeliveryDays" : 4.0, "onTimePct" : 43.30, "slaStatus" : "Critical"}, {"month" : "Aug 2024", "shipments" : 5348, "delivered" : 3528, "avgDeliveryDays" : 4.0, "onTimePct" : 43.23, "slaStatus" : "Critical"}, {"month" : "Jul 2024", "shipments" : 5451, "delivered" : 3609, "avgDeliveryDays" : 4.0, "onTimePct" : 43.31, "slaStatus" : "Critical"}, {"month" : "Jun 2024", "shipments" : 5274, "delivered" : 3491, "avgDeliveryDays" : 4.0, "onTimePct" : 43.00, "slaStatus" : "Critical"}, {"month" : "May 2024", "shipments" : 5435, "delivered" : 3603, "avgDeliveryDays" : 4.0, "onTimePct" : 42.35, "slaStatus" : "Critical"}, {"month" : "Apr 2024", "shipments" : 5368, "delivered" : 3540, "avgDeliveryDays" : 4.0, "onTimePct" : 42.74, "slaStatus" : "Critical"}, {"month" : "Mar 2024", "shipments" : 5461, "delivered" : 3725, "avgDeliveryDays" : 4.0, "onTimePct" : 43.11, "slaStatus" : "Critical"}, {"month" : "Feb 2024", "shipments" : 5146, "delivered" : 3438, "avgDeliveryDays" : 3.9, "onTimePct" : 44.18, "slaStatus" : "Critical"}, {"month" : "Jan 2024", "shipments" : 4826, "delivered" : 3205, "avgDeliveryDays" : 4.1, "onTimePct" : 41.40, "slaStatus" : "Critical"}]
