{"byCategory" : [{"category" : "Fashion", "returnCount" : 604, "totalRefunds" : 122398744.37, "returnRate" : 1.80}, {"category" : "Electronics", "returnCount" : 537, "totalRefunds" : 107507288.78, "returnRate" : 1.61}, {"category" : "Personal Care", "returnCount" : 475, "totalRefunds" : 91456857.52, "returnRate" : 1.84}, {"category" : "Grocery", "returnCount" : 471, "totalRefunds" : 94039287.89, "returnRate" : 1.64}, {"category" : "Home Appliances", "returnCount" : 468, "totalRefunds" : 91251795.00, "returnRate" : 1.85}, {"category" : "Sports", "returnCount" : 428, "totalRefunds" : 86922384.14, "returnRate" : 1.66}, {"category" : "Stationery", "returnCount" : 349, "totalRefunds" : 68739508.51, "returnRate" : 1.66}, {"category" : "Furniture", "returnCount" : 309, "totalRefunds" : 62297645.28, "returnRate" : 1.68}, {"category" : "Automotive", "returnCount" : 294, "totalRefunds" : 56627995.88, "returnRate" : 1.59}, {"category" : "Footwear", "returnCount" : 276, "totalRefunds" : 55243684.47, "returnRate" : 1.65}, {"category" : "Jewellery", "returnCount" : 258, "totalRefunds" : 55582676.83, "returnRate" : 1.81}, {"category" : "Beauty", "returnCount" : 256, "totalRefunds" : 51750466.78, "returnRate" : 1.77}, {"category" : "Toys", "returnCount" : 241, "totalRefunds" : 49220436.77, "returnRate" : 1.67}, {"category" : "Gaming", "returnCount" : 182, "totalRefunds" : 35645338.54, "returnRate" : 1.72}, {"category" : "Pharmacy", "returnCount" : 159, "totalRefunds" : 32453967.00, "returnRate" : 1.74}, {"category" : "Travel", "returnCount" : 154, "totalRefunds" : 28169301.22, "returnRate" : 1.70}, {"category" : "Pet Care", "returnCount" : 151, "totalRefunds" : 33700453.39, "returnRate" : 1.63}, {"category" : "Beverages", "returnCount" : 151, "totalRefunds" : 32255561.91, "returnRate" : 1.67}, {"category" : "Books", "returnCount" : 128, "totalRefunds" : 26817374.96, "returnRate" : 1.67}, {"category" : "Gardening", "returnCount" : 117, "totalRefunds" : 26628909.10, "returnRate" : 1.55}], "byReason" : [{"reason" : "Late Delivery", "count" : 1521}, {"reason" : "Damaged", "count" : 1515}, {"reason" : "Wrong Item", "count" : 1499}, {"reason" : "Quality Issue", "count" : 1473}]}
