{"summary" : [{"class" : "A", "productCount" : 918, "totalRevenue" : 10115290538.73, "pctOfRevenue" : 80.00}, {"class" : "C", "productCount" : 84, "totalRevenue" : 637825454.11, "pctOfRevenue" : 5.04}, {"class" : "B", "productCount" : 214, "totalRevenue" : 1891502719.54, "pctOfRevenue" : 14.96}], "topAProducts" : [{"productName" : "Reebok Badminton Racket", "revenue" : 15951822.43, "pct" : 0.1262}, {"productName" : "Barbie Action Figure", "revenue" : 15647282.40, "pct" : 0.1237}, {"productName" : "Allen Solly T-Shirt", "revenue" : 15428115.80, "pct" : 0.1220}, {"productName" : "Navneet Desk Lamp", "revenue" : 15393488.05, "pct" : 0.1217}, {"productName" : "Apple Headphones", "revenue" : 15307833.55, "pct" : 0.1211}, {"productName" : "Asus Smartwatch", "revenue" : 15014974.13, "pct" : 0.1187}, {"productName" : "Li-Ning Football", "revenue" : 14968416.60, "pct" : 0.1184}, {"productName" : "Dell Bluetooth Speaker", "revenue" : 14695593.70, "pct" : 0.1162}, {"productName" : "Bisleri Soda Bottle", "revenue" : 14694779.05, "pct" : 0.1162}, {"productName" : "Crompton Mixer Grinder", "revenue" : 14520632.23, "pct" : 0.1148}, {"productName" : "Nivea Hair Oil 200 ml", "revenue" : 14421994.28, "pct" : 0.1141}, {"productName" : "Castrol Tool Kit", "revenue" : 14344455.93, "pct" : 0.1134}, {"productName" : "Skybags Power Bank", "revenue" : 14266341.73, "pct" : 0.1128}, {"productName" : "IFB Heater", "revenue" : 14254762.80, "pct" : 0.1127}, {"productName" : "Uniqlo Formal Shirt", "revenue" : 14246272.43, "pct" : 0.1127}, {"productName" : "H&M Kurta", "revenue" : 14124751.00, "pct" : 0.1117}, {"productName" : "Whirlpool Iron Box", "revenue" : 14054566.53, "pct" : 0.1112}, {"productName" : "Apollo Pharmacy Paracetamol Strip", "revenue" : 14052349.75, "pct" : 0.1111}, {"productName" : "Pedigree Pet Shampoo", "revenue" : 14041301.25, "pct" : 0.1110}, {"productName" : "FabIndia Saree", "revenue" : 13914097.00, "pct" : 0.1100}, {"productName" : "Adidas Slippers", "revenue" : 13863745.73, "pct" : 0.1096}, {"productName" : "NetMeds Cough Syrup", "revenue" : 13783277.85, "pct" : 0.1090}, {"productName" : "Tanishq Gold Chain", "revenue" : 13773673.10, "pct" : 0.1089}, {"productName" : "Uniqlo Jacket", "revenue" : 13696461.00, "pct" : 0.1083}, {"productName" : "TVS Tool Kit", "revenue" : 13640779.30, "pct" : 0.1079}, {"productName" : "Logitech G Headset", "revenue" : 13576350.90, "pct" : 0.1074}, {"productName" : "Nivia Football", "revenue" : 13563986.93, "pct" : 0.1073}, {"productName" : "Li-Ning Cycle", "revenue" : 13503018.63, "pct" : 0.1068}, {"productName" : "Zara Jeans", "revenue" : 13472415.70, "pct" : 0.1065}, {"productName" : "Luxor Desk Lamp", "revenue" : 13470259.98, "pct" : 0.1065}, {"productName" : "Samsung Refrigerator", "revenue" : 13449318.10, "pct" : 0.1064}, {"productName" : "Dr Reddys Cough Syrup", "revenue" : 13403815.55, "pct" : 0.1060}, {"productName" : "Puma Formal Shoes", "revenue" : 13379052.00, "pct" : 0.1058}, {"productName" : "Apple Laptop", "revenue" : 13362434.20, "pct" : 0.1057}, {"productName" : "Reynolds Notebook", "revenue" : 13300802.38, "pct" : 0.1052}, {"productName" : "Mattel Soft Toy", "revenue" : 13287730.90, "pct" : 0.1051}, {"productName" : "Parle Cooking Oil 5 L", "revenue" : 13258610.95, "pct" : 0.1049}, {"productName" : "Patanjali Pulses 1 kg", "revenue" : 13245948.65, "pct" : 0.1048}, {"productName" : "Decathlon Skipping Rope", "revenue" : 13229017.50, "pct" : 0.1046}, {"productName" : "Red Chief Sports Shoes", "revenue" : 13195247.25, "pct" : 0.1044}, {"productName" : "Luxor Diary", "revenue" : 13191666.48, "pct" : 0.1043}, {"productName" : "ITC Tea 500 g", "revenue" : 13165964.83, "pct" : 0.1041}, {"productName" : "American Tourister Backpack", "revenue" : 13151462.13, "pct" : 0.1040}, {"productName" : "Whiskas Pet Shampoo", "revenue" : 13144761.10, "pct" : 0.1040}, {"productName" : "Green Grow Plant Pot", "revenue" : 13140048.50, "pct" : 0.1039}, {"productName" : "Rupa Children Story Book", "revenue" : 13135329.50, "pct" : 0.1039}, {"productName" : "Aashirvaad Sugar 5 kg", "revenue" : 13113433.73, "pct" : 0.1037}, {"productName" : "Ikea TV Unit", "revenue" : 13106926.28, "pct" : 0.1037}, {"productName" : "Microsoft Xbox Gaming Chair", "revenue" : 13086607.58, "pct" : 0.1035}, {"productName" : "Uniqlo Kurta", "revenue" : 13080085.03, "pct" : 0.1034}, {"productName" : "Giva Bracelet", "revenue" : 13052528.18, "pct" : 0.1032}, {"productName" : "Nike Jacket", "revenue" : 13032100.15, "pct" : 0.1031}, {"productName" : "Nivia Cricket Bat", "revenue" : 13030671.23, "pct" : 0.1031}, {"productName" : "Hero Engine Oil 1 L", "revenue" : 13024755.10, "pct" : 0.1030}, {"productName" : "Classmate Whiteboard", "revenue" : 12996879.43, "pct" : 0.1028}, {"productName" : "Colorbar Foundation", "revenue" : 12994853.30, "pct" : 0.1028}, {"productName" : "Plantix Plant Pot", "revenue" : 12993546.63, "pct" : 0.1028}, {"productName" : "Aashirvaad Salt 1 kg", "revenue" : 12982284.18, "pct" : 0.1027}, {"productName" : "Faber-Castell Marker Pack", "revenue" : 12934969.70, "pct" : 0.1023}, {"productName" : "Mi Smartwatch", "revenue" : 12923909.45, "pct" : 0.1022}, {"productName" : "Allen Solly Cap", "revenue" : 12923641.88, "pct" : 0.1022}, {"productName" : "Van Heusen Jeans", "revenue" : 12919747.13, "pct" : 0.1022}, {"productName" : "VIP Neck Pillow", "revenue" : 12919184.13, "pct" : 0.1022}, {"productName" : "L'Oreal Deodorant 150 ml", "revenue" : 12914675.53, "pct" : 0.1021}, {"productName" : "Havells Heater", "revenue" : 12893920.28, "pct" : 0.1020}, {"productName" : "Sparx Sports Shoes", "revenue" : 12886508.65, "pct" : 0.1019}, {"productName" : "Ikea Study Table", "revenue" : 12885157.65, "pct" : 0.1019}, {"productName" : "Royal Canin Pet Shampoo", "revenue" : 12872765.98, "pct" : 0.1018}, {"productName" : "Fortune Coffee 250 g", "revenue" : 12849883.85, "pct" : 0.1016}, {"productName" : "Sony PlayStation Headset", "revenue" : 12818868.73, "pct" : 0.1014}, {"productName" : "Raymond Jacket", "revenue" : 12799101.00, "pct" : 0.1012}, {"productName" : "Red Bull Soda Bottle", "revenue" : 12792963.33, "pct" : 0.1012}, {"productName" : "Mamaearth Conditioner 500 ml", "revenue" : 12776599.18, "pct" : 0.1010}, {"productName" : "Dove Hair Oil 200 ml", "revenue" : 12769133.10, "pct" : 0.1010}, {"productName" : "Philips Tablet", "revenue" : 12751692.25, "pct" : 0.1008}, {"productName" : "Reynolds Marker Pack", "revenue" : 12747648.08, "pct" : 0.1008}, {"productName" : "Lenovo Smartwatch", "revenue" : 12746761.30, "pct" : 0.1008}, {"productName" : "Lenovo Tablet", "revenue" : 12734767.30, "pct" : 0.1007}, {"productName" : "Puma Saree", "revenue" : 12724862.93, "pct" : 0.1006}, {"productName" : "Bata Slippers", "revenue" : 12718839.43, "pct" : 0.1006}, {"productName" : "FabIndia Kurta", "revenue" : 12706799.98, "pct" : 0.1005}, {"productName" : "Kay Beauty Lipstick", "revenue" : 12697439.28, "pct" : 0.1004}, {"productName" : "Hero Seat Cushion", "revenue" : 12692457.85, "pct" : 0.1004}, {"productName" : "Fertiline Fertilizer Pack", "revenue" : 12685145.85, "pct" : 0.1003}, {"productName" : "Patanjali Wheat Flour 5 kg", "revenue" : 12684497.58, "pct" : 0.1003}, {"productName" : "VIP Power Bank", "revenue" : 12654029.58, "pct" : 0.1001}, {"productName" : "Hero Tyre Inflator", "revenue" : 12645939.60, "pct" : 0.1000}, {"productName" : "Puma Track Suit", "revenue" : 12640190.95, "pct" : 0.1000}, {"productName" : "Tata Cooking Oil 5 L", "revenue" : 12621581.20, "pct" : 0.0998}, {"productName" : "Reynolds Calculator", "revenue" : 12605784.15, "pct" : 0.0997}, {"productName" : "Whiskas Dog Food 1 kg", "revenue" : 12604464.43, "pct" : 0.0997}, {"productName" : "Camlin Desk Lamp", "revenue" : 12590182.55, "pct" : 0.0996}, {"productName" : "Sensodyne Toothpaste 200 g", "revenue" : 12585115.98, "pct" : 0.0995}, {"productName" : "Reynolds Pen Set", "revenue" : 12544804.68, "pct" : 0.0992}, {"productName" : "Britannia Biscuits Pack", "revenue" : 12543729.63, "pct" : 0.0992}, {"productName" : "Fertiline Watering Can", "revenue" : 12535650.03, "pct" : 0.0991}, {"productName" : "Van Heusen T-Shirt", "revenue" : 12534118.80, "pct" : 0.0991}, {"productName" : "Lego Building Blocks", "revenue" : 12533734.75, "pct" : 0.0991}, {"productName" : "American Tourister Neck Pillow", "revenue" : 12528051.90, "pct" : 0.0991}, {"productName" : "CaratLane Anklet", "revenue" : 12508193.08, "pct" : 0.0989}, {"productName" : "Bisleri Fruit Juice", "revenue" : 12497083.55, "pct" : 0.0988}, {"productName" : "Tata Coffee 250 g", "revenue" : 12494672.00, "pct" : 0.0988}, {"productName" : "Uniqlo Shoes", "revenue" : 12470242.73, "pct" : 0.0986}, {"productName" : "Cello Calculator", "revenue" : 12459515.60, "pct" : 0.0985}, {"productName" : "Reebok Track Suit", "revenue" : 12438445.95, "pct" : 0.0984}, {"productName" : "Ugaoo Seeds Packet", "revenue" : 12437750.28, "pct" : 0.0984}, {"productName" : "Nestle Cooking Oil 5 L", "revenue" : 12428466.38, "pct" : 0.0983}, {"productName" : "Bata Formal Shoes", "revenue" : 12420215.90, "pct" : 0.0982}, {"productName" : "Li-Ning Badminton Racket", "revenue" : 12412012.55, "pct" : 0.0982}, {"productName" : "Reliance Jewels Watch", "revenue" : 12400427.55, "pct" : 0.0981}, {"productName" : "Crompton Air Cooler", "revenue" : 12396246.33, "pct" : 0.0980}, {"productName" : "Luxor School Bag", "revenue" : 12385013.10, "pct" : 0.0979}, {"productName" : "Whirlpool Induction Cooktop", "revenue" : 12383089.63, "pct" : 0.0979}, {"productName" : "Drools Dog Food 1 kg", "revenue" : 12368353.68, "pct" : 0.0978}, {"productName" : "Bosch Seat Cushion", "revenue" : 12354676.65, "pct" : 0.0977}, {"productName" : "Uniqlo Jeans", "revenue" : 12353858.48, "pct" : 0.0977}, {"productName" : "Nilkamal Bed Frame", "revenue" : 12335999.40, "pct" : 0.0976}, {"productName" : "Cosco Skipping Rope", "revenue" : 12333996.30, "pct" : 0.0975}, {"productName" : "NetMeds Pain Relief Balm", "revenue" : 12317292.33, "pct" : 0.0974}, {"productName" : "Lego Remote Car", "revenue" : 12316265.68, "pct" : 0.0974}, {"productName" : "Cosco Gym Dumbbell", "revenue" : 12310750.55, "pct" : 0.0974}, {"productName" : "Nike Formal Shirt", "revenue" : 12303699.83, "pct" : 0.0973}, {"productName" : "Asus Bluetooth Speaker", "revenue" : 12298090.68, "pct" : 0.0973}, {"productName" : "Aristocrat Backpack", "revenue" : 12291045.18, "pct" : 0.0972}, {"productName" : "ASUS ROG Console", "revenue" : 12290336.70, "pct" : 0.0972}, {"productName" : "Fisher Price Puzzle Board", "revenue" : 12280284.10, "pct" : 0.0971}, {"productName" : "Parle Biscuits Pack", "revenue" : 12271828.73, "pct" : 0.0971}, {"productName" : "Amul Wheat Flour 5 kg", "revenue" : 12271725.23, "pct" : 0.0971}, {"productName" : "Whiskas Dog Leash", "revenue" : 12267491.23, "pct" : 0.0970}, {"productName" : "Nivea Deodorant 150 ml", "revenue" : 12266514.10, "pct" : 0.0970}, {"productName" : "Luxor Pen Set", "revenue" : 12259808.68, "pct" : 0.0970}, {"productName" : "Cipla Vitamin C Tablets", "revenue" : 12253207.65, "pct" : 0.0969}, {"productName" : "Tata Motors Bike Helmet", "revenue" : 12249614.68, "pct" : 0.0969}, {"productName" : "Bloomsbury Educational Textbook", "revenue" : 12245494.80, "pct" : 0.0968}, {"productName" : "Adidas Cricket Bat", "revenue" : 12244517.50, "pct" : 0.0968}, {"productName" : "Puma Formal Shirt", "revenue" : 12227711.00, "pct" : 0.0967}, {"productName" : "Revlon Eyeliner", "revenue" : 12225671.43, "pct" : 0.0967}, {"productName" : "Kay Beauty Foundation", "revenue" : 12220538.98, "pct" : 0.0966}, {"productName" : "Sony Refrigerator", "revenue" : 12219385.05, "pct" : 0.0966}, {"productName" : "Cello Pen Set", "revenue" : 12181425.23, "pct" : 0.0963}, {"productName" : "Cosco Yoga Mat", "revenue" : 12178771.20, "pct" : 0.0963}, {"productName" : "Decathlon Football", "revenue" : 12168399.48, "pct" : 0.0962}, {"productName" : "Malabar Gold Silver Ring", "revenue" : 12157224.00, "pct" : 0.0961}, {"productName" : "Boat Smartphone", "revenue" : 12152861.70, "pct" : 0.0961}, {"productName" : "Levis Watch", "revenue" : 12152473.30, "pct" : 0.0961}, {"productName" : "Dell Tablet", "revenue" : 12148212.98, "pct" : 0.0961}, {"productName" : "Classmate Calculator", "revenue" : 12138429.93, "pct" : 0.0960}, {"productName" : "Barbie Doll Set", "revenue" : 12121754.38, "pct" : 0.0959}, {"productName" : "Ikea Chair", "revenue" : 12120216.45, "pct" : 0.0959}, {"productName" : "Philips TV 42 inch", "revenue" : 12113865.55, "pct" : 0.0958}, {"productName" : "TVS Bike Helmet", "revenue" : 12110145.25, "pct" : 0.0958}, {"productName" : "Parle Coffee 250 g", "revenue" : 12109060.55, "pct" : 0.0958}, {"productName" : "Kay Beauty Eyeliner", "revenue" : 12107420.90, "pct" : 0.0958}, {"productName" : "Revlon Lipstick", "revenue" : 12101044.03, "pct" : 0.0957}, {"productName" : "Nilkamal Study Table", "revenue" : 12090771.18, "pct" : 0.0956}, {"productName" : "Godrej Mixer Grinder", "revenue" : 12089087.13, "pct" : 0.0956}, {"productName" : "Voltas Ceiling Fan", "revenue" : 12057642.65, "pct" : 0.0954}, {"productName" : "Philips Bluetooth Speaker", "revenue" : 12055531.83, "pct" : 0.0953}, {"productName" : "Maybelline Face Serum", "revenue" : 12052219.28, "pct" : 0.0953}, {"productName" : "Mobil Car Cover", "revenue" : 12046486.38, "pct" : 0.0953}, {"productName" : "HarperCollins Children Story Book", "revenue" : 12039513.38, "pct" : 0.0952}, {"productName" : "Levis T-Shirt", "revenue" : 12032653.53, "pct" : 0.0952}, {"productName" : "Faber-Castell Pen Set", "revenue" : 12011385.55, "pct" : 0.0950}, {"productName" : "Urban Ladder Sofa Set", "revenue" : 12003811.78, "pct" : 0.0949}, {"productName" : "Nike Sports Shoes", "revenue" : 12002291.75, "pct" : 0.0949}, {"productName" : "Samsung Smartwatch", "revenue" : 11995077.20, "pct" : 0.0949}, {"productName" : "Raymond Saree", "revenue" : 11991921.65, "pct" : 0.0948}, {"productName" : "Colgate Deodorant 150 ml", "revenue" : 11986101.93, "pct" : 0.0948}, {"productName" : "Nilkamal Bookshelf", "revenue" : 11983063.40, "pct" : 0.0948}, {"productName" : "Adidas Shoes", "revenue" : 11975586.83, "pct" : 0.0947}, {"productName" : "Cipla Antibiotic Capsules", "revenue" : 11973526.90, "pct" : 0.0947}, {"productName" : "Barbie Toy Train", "revenue" : 11958887.05, "pct" : 0.0946}, {"productName" : "Penguin Comics", "revenue" : 11953105.53, "pct" : 0.0945}, {"productName" : "Drools Cat Toy Set", "revenue" : 11948767.98, "pct" : 0.0945}, {"productName" : "H&M Shoes", "revenue" : 11947085.00, "pct" : 0.0945}, {"productName" : "Crompton Ceiling Fan", "revenue" : 11942291.10, "pct" : 0.0944}, {"productName" : "Lakme Eyeliner", "revenue" : 11935429.50, "pct" : 0.0944}, {"productName" : "Cosco Football", "revenue" : 11932845.80, "pct" : 0.0944}, {"productName" : "Wildcraft Travel Adapter", "revenue" : 11931146.48, "pct" : 0.0944}, {"productName" : "Durian Bed Frame", "revenue" : 11929512.25, "pct" : 0.0943}, {"productName" : "Pedigree Cat Litter 5 kg", "revenue" : 11925223.38, "pct" : 0.0943}, {"productName" : "Green Grow Fertilizer Pack", "revenue" : 11910321.98, "pct" : 0.0942}, {"productName" : "Mattel Puzzle Board", "revenue" : 11908257.20, "pct" : 0.0942}, {"productName" : "Bajaj Vacuum Cleaner", "revenue" : 11902633.33, "pct" : 0.0941}, {"productName" : "Red Chief Sandals", "revenue" : 11898706.25, "pct" : 0.0941}, {"productName" : "Van Heusen Shoes", "revenue" : 11895757.03, "pct" : 0.0941}, {"productName" : "Safari Neck Pillow", "revenue" : 11883152.98, "pct" : 0.0940}, {"productName" : "Garnier Soap Bar", "revenue" : 11877775.28, "pct" : 0.0939}, {"productName" : "Pilot Whiteboard", "revenue" : 11875920.50, "pct" : 0.0939}, {"productName" : "Boat Bluetooth Speaker", "revenue" : 11863076.25, "pct" : 0.0938}, {"productName" : "Sun Pharma Pain Relief Balm", "revenue" : 11862243.58, "pct" : 0.0938}, {"productName" : "Mi Tablet", "revenue" : 11859039.50, "pct" : 0.0938}, {"productName" : "Durian Chair", "revenue" : 11858831.95, "pct" : 0.0938}, {"productName" : "Woodland Heels", "revenue" : 11858450.18, "pct" : 0.0938}, {"productName" : "Wiggles Cat Litter 5 kg", "revenue" : 11855265.53, "pct" : 0.0938}, {"productName" : "Zara Formal Shirt", "revenue" : 11855082.25, "pct" : 0.0938}, {"productName" : "Plantix Fertilizer Pack", "revenue" : 11847868.85, "pct" : 0.0937}, {"productName" : "Adidas Blazer", "revenue" : 11847477.88, "pct" : 0.0937}, {"productName" : "BlueStone Earrings", "revenue" : 11845870.58, "pct" : 0.0937}, {"productName" : "Castrol Tyre Inflator", "revenue" : 11830954.98, "pct" : 0.0936}, {"productName" : "Dell Air Conditioner", "revenue" : 11827714.25, "pct" : 0.0935}, {"productName" : "Yonex Gym Dumbbell", "revenue" : 11825427.50, "pct" : 0.0935}, {"productName" : "Colgate Body Lotion 400 ml", "revenue" : 11819286.53, "pct" : 0.0935}, {"productName" : "Bata Kurta", "revenue" : 11812962.88, "pct" : 0.0934}, {"productName" : "Amul Biscuits Pack", "revenue" : 11807382.03, "pct" : 0.0934}, {"productName" : "Bajaj Ceiling Fan", "revenue" : 11805153.48, "pct" : 0.0934}, {"productName" : "Bata Jacket", "revenue" : 11800561.30, "pct" : 0.0933}, {"productName" : "Adidas T-Shirt", "revenue" : 11799967.90, "pct" : 0.0933}, {"productName" : "Funskool Building Blocks", "revenue" : 11799113.73, "pct" : 0.0933}, {"productName" : "ITC Pulses 1 kg", "revenue" : 11791230.23, "pct" : 0.0933}, {"productName" : "OnePlus Laptop", "revenue" : 11779016.03, "pct" : 0.0932}, {"productName" : "CaratLane Bracelet", "revenue" : 11774200.13, "pct" : 0.0931}, {"productName" : "Pilot School Bag", "revenue" : 11766079.83, "pct" : 0.0931}, {"productName" : "Funskool Doll Set", "revenue" : 11762965.40, "pct" : 0.0930}, {"productName" : "Tata Breakfast Cereal 1 kg", "revenue" : 11756337.73, "pct" : 0.0930}, {"productName" : "Whirlpool Vacuum Cleaner", "revenue" : 11753096.65, "pct" : 0.0929}, {"productName" : "Woodland Formal Shoes", "revenue" : 11752287.85, "pct" : 0.0929}, {"productName" : "Decathlon Tennis Racket", "revenue" : 11749541.13, "pct" : 0.0929}, {"productName" : "Allen Solly Watch", "revenue" : 11739871.45, "pct" : 0.0928}, {"productName" : "American Tourister Power Bank", "revenue" : 11739498.25, "pct" : 0.0928}, {"productName" : "Razer Mouse Pad", "revenue" : 11727042.08, "pct" : 0.0927}, {"productName" : "Godrej Air Cooler", "revenue" : 11717848.58, "pct" : 0.0927}, {"productName" : "Fisher Price Toy Train", "revenue" : 11715835.05, "pct" : 0.0927}, {"productName" : "Hot Wheels Action Figure", "revenue" : 11715688.58, "pct" : 0.0927}, {"productName" : "Nivea Shampoo 1 L", "revenue" : 11709751.38, "pct" : 0.0926}, {"productName" : "Paper Boat Cold Coffee", "revenue" : 11707880.00, "pct" : 0.0926}, {"productName" : "Allen Solly Jacket", "revenue" : 11696904.40, "pct" : 0.0925}, {"productName" : "Godrej Interio Chair", "revenue" : 11696163.40, "pct" : 0.0925}, {"productName" : "Durian TV Unit", "revenue" : 11691650.98, "pct" : 0.0925}, {"productName" : "Dell Microwave", "revenue" : 11685580.45, "pct" : 0.0924}, {"productName" : "Patanjali Tea 500 g", "revenue" : 11668431.33, "pct" : 0.0923}, {"productName" : "Mother Dairy Rice 10 kg", "revenue" : 11665908.23, "pct" : 0.0923}, {"productName" : "Reliance Jewels Necklace", "revenue" : 11660666.95, "pct" : 0.0922}, {"productName" : "Himalaya Conditioner 500 ml", "revenue" : 11654231.80, "pct" : 0.0922}, {"productName" : "ITC Biscuits Pack", "revenue" : 11651109.63, "pct" : 0.0921}, {"productName" : "Durian Dining Table", "revenue" : 11649908.50, "pct" : 0.0921}, {"productName" : "Garnier Deodorant 150 ml", "revenue" : 11649402.50, "pct" : 0.0921}, {"productName" : "Godrej Water Purifier", "revenue" : 11647616.10, "pct" : 0.0921}, {"productName" : "Colgate Hair Oil 200 ml", "revenue" : 11643854.65, "pct" : 0.0921}, {"productName" : "Cello Diary", "revenue" : 11637688.40, "pct" : 0.0920}, {"productName" : "Nestle Wheat Flour 5 kg", "revenue" : 11636901.23, "pct" : 0.0920}, {"productName" : "OnePlus Bluetooth Speaker", "revenue" : 11629235.93, "pct" : 0.0920}, {"productName" : "Wow Moisturizer 100 ml", "revenue" : 11628523.68, "pct" : 0.0920}, {"productName" : "Lego Soft Toy", "revenue" : 11622462.68, "pct" : 0.0919}, {"productName" : "Mamaearth Soap Bar", "revenue" : 11621634.85, "pct" : 0.0919}, {"productName" : "Skybags Neck Pillow", "revenue" : 11617264.05, "pct" : 0.0919}, {"productName" : "ASUS ROG Gaming Chair", "revenue" : 11603121.28, "pct" : 0.0918}, {"productName" : "Havells Vacuum Cleaner", "revenue" : 11603057.38, "pct" : 0.0918}, {"productName" : "Real Juice Cold Coffee", "revenue" : 11601719.63, "pct" : 0.0918}, {"productName" : "Decathlon Cricket Bat", "revenue" : 11597207.50, "pct" : 0.0917}, {"productName" : "Razer Headset", "revenue" : 11589718.38, "pct" : 0.0917}, {"productName" : "Navneet Pencil Box", "revenue" : 11584334.45, "pct" : 0.0916}, {"productName" : "Havells Ceiling Fan", "revenue" : 11573262.10, "pct" : 0.0915}, {"productName" : "Lakme Makeup Kit", "revenue" : 11573082.03, "pct" : 0.0915}, {"productName" : "Levis Blazer", "revenue" : 11569322.05, "pct" : 0.0915}, {"productName" : "Navneet Marker Pack", "revenue" : 11568965.80, "pct" : 0.0915}, {"productName" : "Godrej Vacuum Cleaner", "revenue" : 11566553.25, "pct" : 0.0915}, {"productName" : "BlueStone Bracelet", "revenue" : 11559333.50, "pct" : 0.0914}, {"productName" : "Urban Ladder Bed Frame", "revenue" : 11553979.35, "pct" : 0.0914}, {"productName" : "OnePlus Refrigerator", "revenue" : 11540458.93, "pct" : 0.0913}, {"productName" : "OnePlus Smartphone", "revenue" : 11539961.73, "pct" : 0.0913}, {"productName" : "OnePlus Microwave", "revenue" : 11538020.85, "pct" : 0.0912}, {"productName" : "Adidas Tennis Racket", "revenue" : 11535956.98, "pct" : 0.0912}, {"productName" : "Kay Beauty Perfume", "revenue" : 11527128.83, "pct" : 0.0912}, {"productName" : "Mattel Action Figure", "revenue" : 11522591.85, "pct" : 0.0911}, {"productName" : "Urban Ladder Study Table", "revenue" : 11520219.28, "pct" : 0.0911}, {"productName" : "Patanjali Breakfast Cereal 1 kg", "revenue" : 11513245.10, "pct" : 0.0911}, {"productName" : "Hometown Bookshelf", "revenue" : 11504292.48, "pct" : 0.0910}, {"productName" : "Durian Wardrobe", "revenue" : 11502656.03, "pct" : 0.0910}, {"productName" : "H&M Formal Shirt", "revenue" : 11500707.10, "pct" : 0.0910}, {"productName" : "Ponds Face Wash 200 ml", "revenue" : 11500668.05, "pct" : 0.0910}, {"productName" : "Colorbar Face Serum", "revenue" : 11499976.40, "pct" : 0.0909}, {"productName" : "Mother Dairy Biscuits Pack", "revenue" : 11497330.15, "pct" : 0.0909}, {"productName" : "Zara Watch", "revenue" : 11488470.58, "pct" : 0.0909}, {"productName" : "Puma Sneakers", "revenue" : 11487335.25, "pct" : 0.0908}, {"productName" : "Pepperfry Mattress", "revenue" : 11485285.08, "pct" : 0.0908}, {"productName" : "Boat Microwave", "revenue" : 11477211.00, "pct" : 0.0908}, {"productName" : "Faces Canada Foundation", "revenue" : 11474453.28, "pct" : 0.0907}, {"productName" : "Pepperfry Chair", "revenue" : 11471911.55, "pct" : 0.0907}, {"productName" : "SG Track Suit", "revenue" : 11471899.13, "pct" : 0.0907}, {"productName" : "Faber-Castell Whiteboard", "revenue" : 11470039.40, "pct" : 0.0907}, {"productName" : "Wildcraft Neck Pillow", "revenue" : 11469931.35, "pct" : 0.0907}, {"productName" : "Reliance Jewels Anklet", "revenue" : 11467962.13, "pct" : 0.0907}, {"productName" : "Real Juice Fruit Juice", "revenue" : 11465936.10, "pct" : 0.0907}, {"productName" : "Colorbar Eyeliner", "revenue" : 11464699.58, "pct" : 0.0907}, {"productName" : "Malabar Gold Earrings", "revenue" : 11463464.73, "pct" : 0.0907}, {"productName" : "Li-Ning Tennis Racket", "revenue" : 11460060.10, "pct" : 0.0906}, {"productName" : "Philips Refrigerator", "revenue" : 11457473.83, "pct" : 0.0906}, {"productName" : "Hero Air Freshener", "revenue" : 11452156.45, "pct" : 0.0906}, {"productName" : "Pilot Marker Pack", "revenue" : 11449638.23, "pct" : 0.0905}, {"productName" : "Nestle Rice 10 kg", "revenue" : 11446054.88, "pct" : 0.0905}, {"productName" : "Whirlpool Mixer Grinder", "revenue" : 11442705.15, "pct" : 0.0905}, {"productName" : "Nike Slippers", "revenue" : 11441555.88, "pct" : 0.0905}, {"productName" : "Philips Air Conditioner", "revenue" : 11437227.00, "pct" : 0.0905}, {"productName" : "Liberty Boots", "revenue" : 11430225.35, "pct" : 0.0904}, {"productName" : "Sparx Sandals", "revenue" : 11430100.43, "pct" : 0.0904}, {"productName" : "Navneet Pen Set", "revenue" : 11426173.30, "pct" : 0.0904}, {"productName" : "Skybags Travel Adapter", "revenue" : 11425187.48, "pct" : 0.0904}, {"productName" : "Shell Tool Kit", "revenue" : 11422920.13, "pct" : 0.0903}, {"productName" : "Philips Microwave", "revenue" : 11397008.13, "pct" : 0.0901}, {"productName" : "Real Juice Packaged Water", "revenue" : 11395870.43, "pct" : 0.0901}, {"productName" : "Reebok Skipping Rope", "revenue" : 11393050.83, "pct" : 0.0901}, {"productName" : "Bata Blazer", "revenue" : 11389650.23, "pct" : 0.0901}, {"productName" : "Boat Refrigerator", "revenue" : 11389007.18, "pct" : 0.0901}, {"productName" : "LG Refrigerator", "revenue" : 11380070.75, "pct" : 0.0900}, {"productName" : "Tata Pulses 1 kg", "revenue" : 11377617.18, "pct" : 0.0900}, {"productName" : "Raymond Jeans", "revenue" : 11376563.60, "pct" : 0.0900}, {"productName" : "Royal Canin Dog Food 1 kg", "revenue" : 11372967.15, "pct" : 0.0899}, {"productName" : "Plantix Watering Can", "revenue" : 11371473.35, "pct" : 0.0899}, {"productName" : "Aashirvaad Coffee 250 g", "revenue" : 11370033.95, "pct" : 0.0899}, {"productName" : "Sony Bluetooth Speaker", "revenue" : 11365240.28, "pct" : 0.0899}, {"productName" : "Mahindra Tyre Inflator", "revenue" : 11360277.85, "pct" : 0.0898}, {"productName" : "FabIndia Blazer", "revenue" : 11357154.55, "pct" : 0.0898}, {"productName" : "Faces Canada Lipstick", "revenue" : 11354258.20, "pct" : 0.0898}, {"productName" : "Play-Doh Action Figure", "revenue" : 11351200.50, "pct" : 0.0898}, {"productName" : "Pilot Pencil Box", "revenue" : 11346285.63, "pct" : 0.0897}, {"productName" : "Reynolds School Bag", "revenue" : 11340858.18, "pct" : 0.0897}, {"productName" : "Aashirvaad Tea 500 g", "revenue" : 11340476.85, "pct" : 0.0897}, {"productName" : "Levis Formal Shirt", "revenue" : 11340082.35, "pct" : 0.0897}, {"productName" : "TVS Air Freshener", "revenue" : 11336517.90, "pct" : 0.0897}, {"productName" : "TVS Seat Cushion", "revenue" : 11335857.20, "pct" : 0.0896}, {"productName" : "Cello Marker Pack", "revenue" : 11333396.85, "pct" : 0.0896}, {"productName" : "Lenovo Smartphone", "revenue" : 11328657.60, "pct" : 0.0896}, {"productName" : "1mg Antibiotic Capsules", "revenue" : 11327354.88, "pct" : 0.0896}, {"productName" : "Godrej Ceiling Fan", "revenue" : 11322513.78, "pct" : 0.0895}, {"productName" : "Hometown Sofa Set", "revenue" : 11316172.40, "pct" : 0.0895}, {"productName" : "HP Tablet", "revenue" : 11314562.38, "pct" : 0.0895}, {"productName" : "Crompton Induction Cooktop", "revenue" : 11312286.35, "pct" : 0.0895}, {"productName" : "Red Chief Slippers", "revenue" : 11311087.28, "pct" : 0.0895}, {"productName" : "Liberty Heels", "revenue" : 11310510.75, "pct" : 0.0894}, {"productName" : "Coca Cola Fruit Juice", "revenue" : 11308955.03, "pct" : 0.0894}, {"productName" : "Voltas Mixer Grinder", "revenue" : 11307609.48, "pct" : 0.0894}, {"productName" : "Classmate School Bag", "revenue" : 11302273.53, "pct" : 0.0894}, {"productName" : "Levis Kurta", "revenue" : 11298610.28, "pct" : 0.0894}, {"productName" : "Blue Star Water Purifier", "revenue" : 11296941.23, "pct" : 0.0893}, {"productName" : "Fortune Wheat Flour 5 kg", "revenue" : 11291359.38, "pct" : 0.0893}, {"productName" : "Havells Washing Machine", "revenue" : 11289871.28, "pct" : 0.0893}, {"productName" : "Red Bull Packaged Water", "revenue" : 11287710.48, "pct" : 0.0893}, {"productName" : "Ponds Deodorant 150 ml", "revenue" : 11282278.48, "pct" : 0.0892}, {"productName" : "Paper Boat Energy Drink", "revenue" : 11277372.78, "pct" : 0.0892}, {"productName" : "Godrej Interio Mattress", "revenue" : 11276150.25, "pct" : 0.0892}, {"productName" : "Tanishq Watch", "revenue" : 11275301.35, "pct" : 0.0892}, {"productName" : "Mobil Seat Cushion", "revenue" : 11274981.15, "pct" : 0.0892}, {"productName" : "Honda Bike Helmet", "revenue" : 11274297.68, "pct" : 0.0892}, {"productName" : "Rupa Comics", "revenue" : 11269687.75, "pct" : 0.0891}, {"productName" : "Aashirvaad Biscuits Pack", "revenue" : 11263346.20, "pct" : 0.0891}, {"productName" : "Nivia Yoga Mat", "revenue" : 11249353.80, "pct" : 0.0890}, {"productName" : "Whirlpool Ceiling Fan", "revenue" : 11239474.93, "pct" : 0.0889}, {"productName" : "Aashirvaad Cooking Oil 5 L", "revenue" : 11236672.48, "pct" : 0.0889}, {"productName" : "Lenovo Air Conditioner", "revenue" : 11227736.45, "pct" : 0.0888}, {"productName" : "Woodland Sandals", "revenue" : 11226207.18, "pct" : 0.0888}, {"productName" : "Barbie Remote Car", "revenue" : 11226036.35, "pct" : 0.0888}, {"productName" : "HarperCollins Comics", "revenue" : 11225417.88, "pct" : 0.0888}, {"productName" : "Britannia Pulses 1 kg", "revenue" : 11222494.60, "pct" : 0.0888}, {"productName" : "Britannia Wheat Flour 5 kg", "revenue" : 11219652.78, "pct" : 0.0887}, {"productName" : "HP TV 42 inch", "revenue" : 11216996.98, "pct" : 0.0887}, {"productName" : "Asus Headphones", "revenue" : 11215308.70, "pct" : 0.0887}, {"productName" : "Apollo Pharmacy Antibiotic Capsules", "revenue" : 11211494.28, "pct" : 0.0887}, {"productName" : "Himalaya Shampoo 1 L", "revenue" : 11210580.50, "pct" : 0.0887}, {"productName" : "Nivia Gym Dumbbell", "revenue" : 11209522.70, "pct" : 0.0887}, {"productName" : "Apple Microwave", "revenue" : 11206960.55, "pct" : 0.0886}, {"productName" : "Bata Saree", "revenue" : 11202987.83, "pct" : 0.0886}, {"productName" : "Trust Basket Fertilizer Pack", "revenue" : 11201295.03, "pct" : 0.0886}, {"productName" : "Adidas Saree", "revenue" : 11198196.00, "pct" : 0.0886}, {"productName" : "FabIndia Shoes", "revenue" : 11191233.35, "pct" : 0.0885}, {"productName" : "Mamaearth Deodorant 150 ml", "revenue" : 11188485.38, "pct" : 0.0885}, {"productName" : "Blue Star Induction Cooktop", "revenue" : 11186074.68, "pct" : 0.0885}, {"productName" : "Cosco Badminton Racket", "revenue" : 11184336.20, "pct" : 0.0885}, {"productName" : "Wiggles Dog Leash", "revenue" : 11174245.98, "pct" : 0.0884}, {"productName" : "PC Jeweller Silver Ring", "revenue" : 11171482.93, "pct" : 0.0883}, {"productName" : "Wiggles Dog Food 1 kg", "revenue" : 11171397.50, "pct" : 0.0883}, {"productName" : "Shell Seat Cushion", "revenue" : 11162138.25, "pct" : 0.0883}, {"productName" : "Ponds Body Lotion 400 ml", "revenue" : 11156189.55, "pct" : 0.0882}, {"productName" : "Pedigree Dog Food 1 kg", "revenue" : 11155292.75, "pct" : 0.0882}, {"productName" : "Coca Cola Cold Coffee", "revenue" : 11154726.45, "pct" : 0.0882}, {"productName" : "Uniqlo Blazer", "revenue" : 11152722.63, "pct" : 0.0882}, {"productName" : "Patanjali Sugar 5 kg", "revenue" : 11152722.03, "pct" : 0.0882}, {"productName" : "Woodland Sports Shoes", "revenue" : 11149159.33, "pct" : 0.0882}, {"productName" : "Fortune Cooking Oil 5 L", "revenue" : 11140310.40, "pct" : 0.0881}, {"productName" : "Dove Toothpaste 200 g", "revenue" : 11139957.23, "pct" : 0.0881}, {"productName" : "Apple Refrigerator", "revenue" : 11132314.85, "pct" : 0.0880}, {"productName" : "Adidas Sneakers", "revenue" : 11129150.58, "pct" : 0.0880}, {"productName" : "Britannia Tea 500 g", "revenue" : 11126047.60, "pct" : 0.0880}, {"productName" : "Classmate Marker Pack", "revenue" : 11121029.95, "pct" : 0.0880}, {"productName" : "Blue Star Iron Box", "revenue" : 11107868.70, "pct" : 0.0878}, {"productName" : "Adidas Boots", "revenue" : 11107513.80, "pct" : 0.0878}, {"productName" : "Nike Formal Shoes", "revenue" : 11106368.33, "pct" : 0.0878}, {"productName" : "Dove Soap Bar", "revenue" : 11105725.73, "pct" : 0.0878}, {"productName" : "Giva Earrings", "revenue" : 11105251.58, "pct" : 0.0878}, {"productName" : "Paper Boat Fruit Juice", "revenue" : 11104049.83, "pct" : 0.0878}, {"productName" : "Faber-Castell Notebook", "revenue" : 11099628.65, "pct" : 0.0878}, {"productName" : "L'Oreal Soap Bar", "revenue" : 11095175.80, "pct" : 0.0877}, {"productName" : "Adidas Football", "revenue" : 11083648.20, "pct" : 0.0877}, {"productName" : "Asus Tablet", "revenue" : 11083018.48, "pct" : 0.0877}, {"productName" : "Luxor Marker Pack", "revenue" : 11082130.78, "pct" : 0.0876}, {"productName" : "Tata Motors Seat Cushion", "revenue" : 11075684.23, "pct" : 0.0876}, {"productName" : "Parle Sugar 5 kg", "revenue" : 11068534.05, "pct" : 0.0875}, {"productName" : "Paper Boat Packaged Water", "revenue" : 11064416.78, "pct" : 0.0875}, {"productName" : "Ikea Bed Frame", "revenue" : 11063089.43, "pct" : 0.0875}, {"productName" : "Mi Headphones", "revenue" : 11061177.08, "pct" : 0.0875}, {"productName" : "Tata Motors Air Freshener", "revenue" : 11052668.00, "pct" : 0.0874}, {"productName" : "Mi Smartphone", "revenue" : 11050273.18, "pct" : 0.0874}, {"productName" : "L'Oreal Face Wash 200 ml", "revenue" : 11046378.20, "pct" : 0.0874}, {"productName" : "Himalaya Hair Oil 200 ml", "revenue" : 11046227.78, "pct" : 0.0874}, {"productName" : "Faces Canada Makeup Kit", "revenue" : 11041270.58, "pct" : 0.0873}, {"productName" : "Patanjali Coffee 250 g", "revenue" : 11040832.30, "pct" : 0.0873}, {"productName" : "Britannia Salt 1 kg", "revenue" : 11034813.33, "pct" : 0.0873}, {"productName" : "Hometown Wardrobe", "revenue" : 11032227.53, "pct" : 0.0872}, {"productName" : "Fisher Price Building Blocks", "revenue" : 11027714.08, "pct" : 0.0872}, {"productName" : "Apollo Pharmacy Vitamin C Tablets", "revenue" : 11026295.15, "pct" : 0.0872}, {"productName" : "Parle Breakfast Cereal 1 kg", "revenue" : 11024370.13, "pct" : 0.0872}, {"productName" : "ITC Wheat Flour 5 kg", "revenue" : 11023669.68, "pct" : 0.0872}, {"productName" : "Coca Cola Packaged Water", "revenue" : 11022972.78, "pct" : 0.0872}, {"productName" : "Garnier Moisturizer 100 ml", "revenue" : 11013857.15, "pct" : 0.0871}, {"productName" : "Microsoft Xbox Mouse Pad", "revenue" : 11012077.80, "pct" : 0.0871}, {"productName" : "Blue Star Mixer Grinder", "revenue" : 11009524.03, "pct" : 0.0871}, {"productName" : "Hot Wheels Doll Set", "revenue" : 11007119.03, "pct" : 0.0870}, {"productName" : "LG Bluetooth Speaker", "revenue" : 11006814.55, "pct" : 0.0870}, {"productName" : "Tata Rice 10 kg", "revenue" : 11006695.55, "pct" : 0.0870}, {"productName" : "Philips Smartwatch", "revenue" : 11005167.75, "pct" : 0.0870}, {"productName" : "Real Juice Energy Drink", "revenue" : 11004299.53, "pct" : 0.0870}, {"productName" : "Patanjali Salt 1 kg", "revenue" : 11001543.95, "pct" : 0.0870}, {"productName" : "Fertiline Plant Pot", "revenue" : 10992947.53, "pct" : 0.0869}, {"productName" : "Aristocrat Travel Adapter", "revenue" : 10992884.25, "pct" : 0.0869}, {"productName" : "Red Bull Fruit Juice", "revenue" : 10990976.23, "pct" : 0.0869}, {"productName" : "Nivea Face Wash 200 ml", "revenue" : 10990969.88, "pct" : 0.0869}, {"productName" : "Sensodyne Shampoo 1 L", "revenue" : 10987034.75, "pct" : 0.0869}, {"productName" : "Heads Up For Tails Dog Leash", "revenue" : 10974826.50, "pct" : 0.0868}, {"productName" : "Liberty Formal Shoes", "revenue" : 10974134.20, "pct" : 0.0868}, {"productName" : "Puma Cricket Bat", "revenue" : 10973776.03, "pct" : 0.0868}, {"productName" : "Asus Air Conditioner", "revenue" : 10967115.90, "pct" : 0.0867}, {"productName" : "PC Jeweller Bracelet", "revenue" : 10966009.38, "pct" : 0.0867}, {"productName" : "Lenovo Bluetooth Speaker", "revenue" : 10941923.53, "pct" : 0.0865}, {"productName" : "Nike Tennis Racket", "revenue" : 10938476.55, "pct" : 0.0865}, {"productName" : "Raymond Formal Shirt", "revenue" : 10934784.90, "pct" : 0.0865}, {"productName" : "Havells Induction Cooktop", "revenue" : 10933771.85, "pct" : 0.0865}, {"productName" : "Mobil Engine Oil 1 L", "revenue" : 10928389.90, "pct" : 0.0864}, {"productName" : "Adidas Sandals", "revenue" : 10916383.75, "pct" : 0.0863}, {"productName" : "Mother Dairy Wheat Flour 5 kg", "revenue" : 10915011.60, "pct" : 0.0863}, {"productName" : "Mamaearth Shampoo 1 L", "revenue" : 10914402.38, "pct" : 0.0863}, {"productName" : "Dr Reddys Vitamin C Tablets", "revenue" : 10908356.13, "pct" : 0.0863}, {"productName" : "Nykaa Face Serum", "revenue" : 10900700.55, "pct" : 0.0862}, {"productName" : "Dr Reddys Pain Relief Balm", "revenue" : 10897199.70, "pct" : 0.0862}, {"productName" : "IFB Iron Box", "revenue" : 10893543.40, "pct" : 0.0862}, {"productName" : "Hometown Study Table", "revenue" : 10893426.95, "pct" : 0.0862}, {"productName" : "Honda Tyre Inflator", "revenue" : 10887059.00, "pct" : 0.0861}, {"productName" : "Mattel Remote Car", "revenue" : 10886342.03, "pct" : 0.0861}, {"productName" : "Faces Canada Perfume", "revenue" : 10883164.08, "pct" : 0.0861}, {"productName" : "Lenovo Headphones", "revenue" : 10876430.58, "pct" : 0.0860}, {"productName" : "H&M Cap", "revenue" : 10869112.68, "pct" : 0.0860}, {"productName" : "PC Jeweller Necklace", "revenue" : 10861655.03, "pct" : 0.0859}, {"productName" : "Castrol Engine Oil 1 L", "revenue" : 10852498.95, "pct" : 0.0858}, {"productName" : "Fortune Salt 1 kg", "revenue" : 10852445.90, "pct" : 0.0858}, {"productName" : "Classmate Pen Set", "revenue" : 10852420.40, "pct" : 0.0858}, {"productName" : "Nykaa Perfume", "revenue" : 10851161.15, "pct" : 0.0858}, {"productName" : "Mahindra Seat Cushion", "revenue" : 10849001.15, "pct" : 0.0858}, {"productName" : "Allen Solly Jeans", "revenue" : 10847576.33, "pct" : 0.0858}, {"productName" : "Honda Air Freshener", "revenue" : 10838451.15, "pct" : 0.0857}, {"productName" : "Bata Jeans", "revenue" : 10828196.18, "pct" : 0.0856}, {"productName" : "SG Cricket Bat", "revenue" : 10823596.05, "pct" : 0.0856}, {"productName" : "Garnier Toothpaste 200 g", "revenue" : 10821297.45, "pct" : 0.0856}, {"productName" : "Philips Headphones", "revenue" : 10818729.13, "pct" : 0.0856}, {"productName" : "Allen Solly Kurta", "revenue" : 10818379.43, "pct" : 0.0856}, {"productName" : "Colorbar Makeup Kit", "revenue" : 10815698.93, "pct" : 0.0855}, {"productName" : "Bisleri Packaged Water", "revenue" : 10814606.75, "pct" : 0.0855}, {"productName" : "Parle Pulses 1 kg", "revenue" : 10802253.30, "pct" : 0.0854}, {"productName" : "ITC Cooking Oil 5 L", "revenue" : 10802109.85, "pct" : 0.0854}, {"productName" : "Urban Ladder Dining Table", "revenue" : 10801452.68, "pct" : 0.0854}, {"productName" : "Penguin Non-Fiction Book", "revenue" : 10790420.70, "pct" : 0.0853}, {"productName" : "Britannia Coffee 250 g", "revenue" : 10785683.75, "pct" : 0.0853}, {"productName" : "Durian Bookshelf", "revenue" : 10784745.60, "pct" : 0.0853}, {"productName" : "Van Heusen Watch", "revenue" : 10779112.28, "pct" : 0.0852}, {"productName" : "Nestle Salt 1 kg", "revenue" : 10778484.25, "pct" : 0.0852}, {"productName" : "ASUS ROG Game Disc", "revenue" : 10776391.53, "pct" : 0.0852}, {"productName" : "Mahindra Engine Oil 1 L", "revenue" : 10770727.73, "pct" : 0.0852}, {"productName" : "Mattel Toy Train", "revenue" : 10768344.50, "pct" : 0.0852}, {"productName" : "Mahindra Air Freshener", "revenue" : 10765851.30, "pct" : 0.0851}, {"productName" : "L'Oreal Body Lotion 400 ml", "revenue" : 10763598.98, "pct" : 0.0851}, {"productName" : "Safari Suitcase", "revenue" : 10762303.45, "pct" : 0.0851}, {"productName" : "Revlon Perfume", "revenue" : 10761430.35, "pct" : 0.0851}, {"productName" : "Apple TV 42 inch", "revenue" : 10757344.63, "pct" : 0.0851}, {"productName" : "Tanishq Earrings", "revenue" : 10753229.98, "pct" : 0.0850}, {"productName" : "Mahindra Tool Kit", "revenue" : 10752311.95, "pct" : 0.0850}, {"productName" : "IFB Air Cooler", "revenue" : 10752082.15, "pct" : 0.0850}, {"productName" : "Ikea Wardrobe", "revenue" : 10744935.85, "pct" : 0.0850}, {"productName" : "Bata Sports Shoes", "revenue" : 10738337.70, "pct" : 0.0849}, {"productName" : "Green Grow Seeds Packet", "revenue" : 10736766.55, "pct" : 0.0849}, {"productName" : "L'Oreal Toothpaste 200 g", "revenue" : 10724393.23, "pct" : 0.0848}, {"productName" : "LG Air Conditioner", "revenue" : 10723164.70, "pct" : 0.0848}, {"productName" : "Ponds Moisturizer 100 ml", "revenue" : 10718755.03, "pct" : 0.0848}, {"productName" : "Uniqlo Saree", "revenue" : 10717896.85, "pct" : 0.0848}, {"productName" : "Scholastic Educational Textbook", "revenue" : 10717640.95, "pct" : 0.0848}, {"productName" : "Lego Toy Train", "revenue" : 10716937.55, "pct" : 0.0848}, {"productName" : "Wow Deodorant 150 ml", "revenue" : 10714783.73, "pct" : 0.0847}, {"productName" : "Sony TV 42 inch", "revenue" : 10713551.35, "pct" : 0.0847}, {"productName" : "Apollo Pharmacy Pain Relief Balm", "revenue" : 10706238.95, "pct" : 0.0847}, {"productName" : "Fortune Pulses 1 kg", "revenue" : 10698324.03, "pct" : 0.0846}, {"productName" : "Colgate Conditioner 500 ml", "revenue" : 10695716.05, "pct" : 0.0846}, {"productName" : "CaratLane Watch", "revenue" : 10687537.05, "pct" : 0.0845}, {"productName" : "Mobil Air Freshener", "revenue" : 10687083.63, "pct" : 0.0845}, {"productName" : "Rupa Educational Textbook", "revenue" : 10683296.18, "pct" : 0.0845}, {"productName" : "Reebok Tennis Racket", "revenue" : 10681540.80, "pct" : 0.0845}, {"productName" : "Ugaoo Watering Can", "revenue" : 10681041.88, "pct" : 0.0845}, {"productName" : "PC Jeweller Anklet", "revenue" : 10669911.93, "pct" : 0.0844}, {"productName" : "Penguin Children Story Book", "revenue" : 10668021.78, "pct" : 0.0844}, {"productName" : "Adidas Cycle", "revenue" : 10660945.83, "pct" : 0.0843}, {"productName" : "Havells Air Cooler", "revenue" : 10659369.10, "pct" : 0.0843}, {"productName" : "Adidas Kurta", "revenue" : 10659281.05, "pct" : 0.0843}, {"productName" : "Puma Watch", "revenue" : 10658924.98, "pct" : 0.0843}, {"productName" : "LG Smartphone", "revenue" : 10658394.85, "pct" : 0.0843}, {"productName" : "Penguin Educational Textbook", "revenue" : 10656661.78, "pct" : 0.0843}, {"productName" : "VIP Travel Adapter", "revenue" : 10654671.75, "pct" : 0.0843}, {"productName" : "Samsung Smartphone", "revenue" : 10653749.15, "pct" : 0.0843}, {"productName" : "HP Air Conditioner", "revenue" : 10652595.45, "pct" : 0.0842}, {"productName" : "Boat Headphones", "revenue" : 10652489.38, "pct" : 0.0842}, {"productName" : "Puma Football", "revenue" : 10644922.48, "pct" : 0.0842}, {"productName" : "HyperX Mouse Pad", "revenue" : 10642249.78, "pct" : 0.0842}, {"productName" : "Camlin Notebook", "revenue" : 10641182.03, "pct" : 0.0842}, {"productName" : "Cosco Tennis Racket", "revenue" : 10634987.25, "pct" : 0.0841}, {"productName" : "Bloomsbury Comics", "revenue" : 10633124.10, "pct" : 0.0841}, {"productName" : "Razer Game Disc", "revenue" : 10630860.68, "pct" : 0.0841}, {"productName" : "Sony PlayStation Controller", "revenue" : 10627513.05, "pct" : 0.0840}, {"productName" : "L'Oreal Shampoo 1 L", "revenue" : 10626714.63, "pct" : 0.0840}, {"productName" : "Shell Bike Helmet", "revenue" : 10623932.83, "pct" : 0.0840}, {"productName" : "Ponds Soap Bar", "revenue" : 10622179.68, "pct" : 0.0840}, {"productName" : "Royal Canin Dog Leash", "revenue" : 10619780.08, "pct" : 0.0840}, {"productName" : "Sensodyne Hair Oil 200 ml", "revenue" : 10619269.73, "pct" : 0.0840}, {"productName" : "Sparx Formal Shoes", "revenue" : 10613692.58, "pct" : 0.0839}, {"productName" : "Sparx Boots", "revenue" : 10612627.55, "pct" : 0.0839}, {"productName" : "Yonex Cycle", "revenue" : 10612230.10, "pct" : 0.0839}, {"productName" : "ITC Salt 1 kg", "revenue" : 10607425.23, "pct" : 0.0839}, {"productName" : "Scholastic Children Story Book", "revenue" : 10604703.43, "pct" : 0.0839}, {"productName" : "Kenstar Air Cooler", "revenue" : 10599510.25, "pct" : 0.0838}, {"productName" : "Barbie Soft Toy", "revenue" : 10593519.95, "pct" : 0.0838}, {"productName" : "Hot Wheels Building Blocks", "revenue" : 10591678.95, "pct" : 0.0838}, {"productName" : "OnePlus Air Conditioner", "revenue" : 10590362.10, "pct" : 0.0838}, {"productName" : "Tanishq Anklet", "revenue" : 10586740.83, "pct" : 0.0837}, {"productName" : "Colorbar Perfume", "revenue" : 10581699.13, "pct" : 0.0837}, {"productName" : "Malabar Gold Bracelet", "revenue" : 10580317.20, "pct" : 0.0837}, {"productName" : "Samsung Microwave", "revenue" : 10573891.15, "pct" : 0.0836}, {"productName" : "Faber-Castell School Bag", "revenue" : 10572104.78, "pct" : 0.0836}, {"productName" : "Uniqlo Watch", "revenue" : 10570952.38, "pct" : 0.0836}, {"productName" : "Decathlon Track Suit", "revenue" : 10567746.03, "pct" : 0.0836}, {"productName" : "Red Chief Sneakers", "revenue" : 10563866.85, "pct" : 0.0835}, {"productName" : "Nivea Body Lotion 400 ml", "revenue" : 10562774.63, "pct" : 0.0835}, {"productName" : "Nike Shoes", "revenue" : 10558881.30, "pct" : 0.0835}, {"productName" : "Nivia Tennis Racket", "revenue" : 10556942.68, "pct" : 0.0835}, {"productName" : "Puma Skipping Rope", "revenue" : 10556898.03, "pct" : 0.0835}, {"productName" : "Raymond Cap", "revenue" : 10555930.38, "pct" : 0.0835}, {"productName" : "Allen Solly Shoes", "revenue" : 10552653.15, "pct" : 0.0835}, {"productName" : "Pilot Notebook", "revenue" : 10551954.80, "pct" : 0.0835}, {"productName" : "Godrej Interio TV Unit", "revenue" : 10550309.63, "pct" : 0.0834}, {"productName" : "Reynolds Diary", "revenue" : 10547802.43, "pct" : 0.0834}, {"productName" : "Adidas Sports Shoes", "revenue" : 10546429.95, "pct" : 0.0834}, {"productName" : "Crompton Vacuum Cleaner", "revenue" : 10537743.88, "pct" : 0.0833}, {"productName" : "American Tourister Travel Adapter", "revenue" : 10530734.38, "pct" : 0.0833}, {"productName" : "Sun Pharma Cough Syrup", "revenue" : 10517826.25, "pct" : 0.0832}, {"productName" : "Honda Car Cover", "revenue" : 10515526.90, "pct" : 0.0832}, {"productName" : "Hot Wheels Puzzle Board", "revenue" : 10515321.00, "pct" : 0.0832}, {"productName" : "Penguin Fiction Novel", "revenue" : 10514716.43, "pct" : 0.0832}, {"productName" : "Luxor Whiteboard", "revenue" : 10504002.40, "pct" : 0.0831}, {"productName" : "Navneet Notebook", "revenue" : 10499242.73, "pct" : 0.0830}, {"productName" : "Dell Laptop", "revenue" : 10493494.93, "pct" : 0.0830}, {"productName" : "Maybelline Eyeliner", "revenue" : 10492655.88, "pct" : 0.0830}, {"productName" : "HP Bluetooth Speaker", "revenue" : 10488166.60, "pct" : 0.0829}, {"productName" : "Sensodyne Moisturizer 100 ml", "revenue" : 10485933.75, "pct" : 0.0829}, {"productName" : "Decathlon Cycle", "revenue" : 10482807.68, "pct" : 0.0829}, {"productName" : "Skybags Suitcase", "revenue" : 10480847.38, "pct" : 0.0829}, {"productName" : "Bata Boots", "revenue" : 10476801.80, "pct" : 0.0829}, {"productName" : "IFB Washing Machine", "revenue" : 10474872.43, "pct" : 0.0828}, {"productName" : "SG Gym Dumbbell", "revenue" : 10471715.13, "pct" : 0.0828}, {"productName" : "Cello Notebook", "revenue" : 10468211.33, "pct" : 0.0828}, {"productName" : "Parle Tea 500 g", "revenue" : 10465981.63, "pct" : 0.0828}, {"productName" : "Puma Jeans", "revenue" : 10465182.78, "pct" : 0.0828}, {"productName" : "Reliance Jewels Earrings", "revenue" : 10455110.45, "pct" : 0.0827}, {"productName" : "Voltas Water Purifier", "revenue" : 10455009.55, "pct" : 0.0827}, {"productName" : "MAC Perfume", "revenue" : 10454072.05, "pct" : 0.0827}, {"productName" : "ASUS ROG Controller", "revenue" : 10454012.20, "pct" : 0.0827}, {"productName" : "Samsung Air Conditioner", "revenue" : 10453522.38, "pct" : 0.0827}, {"productName" : "Drools Pet Shampoo", "revenue" : 10452177.70, "pct" : 0.0827}, {"productName" : "Puma Yoga Mat", "revenue" : 10451288.55, "pct" : 0.0827}, {"productName" : "SG Yoga Mat", "revenue" : 10451181.18, "pct" : 0.0827}, {"productName" : "Nike Blazer", "revenue" : 10449113.25, "pct" : 0.0826}, {"productName" : "Adidas Track Suit", "revenue" : 10447586.15, "pct" : 0.0826}, {"productName" : "Asus TV 42 inch", "revenue" : 10444417.35, "pct" : 0.0826}, {"productName" : "Trust Basket Plant Pot", "revenue" : 10441608.68, "pct" : 0.0826}, {"productName" : "Shell Tyre Inflator", "revenue" : 10441203.40, "pct" : 0.0826}, {"productName" : "Lakme Perfume", "revenue" : 10440570.38, "pct" : 0.0826}, {"productName" : "Boat Laptop", "revenue" : 10437737.13, "pct" : 0.0825}, {"productName" : "Dove Face Wash 200 ml", "revenue" : 10429957.28, "pct" : 0.0825}, {"productName" : "Pepperfry Bed Frame", "revenue" : 10426597.28, "pct" : 0.0825}, {"productName" : "HyperX Game Disc", "revenue" : 10426364.53, "pct" : 0.0825}, {"productName" : "Fortune Rice 10 kg", "revenue" : 10425199.90, "pct" : 0.0824}, {"productName" : "Parle Rice 10 kg", "revenue" : 10423531.35, "pct" : 0.0824}, {"productName" : "FabIndia Cap", "revenue" : 10421666.18, "pct" : 0.0824}, {"productName" : "Garnier Body Lotion 400 ml", "revenue" : 10415518.50, "pct" : 0.0824}, {"productName" : "Ponds Hair Oil 200 ml", "revenue" : 10395515.73, "pct" : 0.0822}, {"productName" : "CaratLane Earrings", "revenue" : 10393502.95, "pct" : 0.0822}, {"productName" : "LG Tablet", "revenue" : 10393058.48, "pct" : 0.0822}, {"productName" : "Reebok Yoga Mat", "revenue" : 10390254.75, "pct" : 0.0822}, {"productName" : "Parle Wheat Flour 5 kg", "revenue" : 10390073.80, "pct" : 0.0822}, {"productName" : "Pepsi Cold Coffee", "revenue" : 10385310.68, "pct" : 0.0821}, {"productName" : "Urban Ladder Bookshelf", "revenue" : 10382791.98, "pct" : 0.0821}, {"productName" : "Li-Ning Gym Dumbbell", "revenue" : 10378664.85, "pct" : 0.0821}, {"productName" : "Nilkamal Chair", "revenue" : 10378288.63, "pct" : 0.0821}, {"productName" : "Philips Smartphone", "revenue" : 10376337.43, "pct" : 0.0821}, {"productName" : "Raymond Blazer", "revenue" : 10374408.50, "pct" : 0.0820}, {"productName" : "Nivea Toothpaste 200 g", "revenue" : 10372153.70, "pct" : 0.0820}, {"productName" : "Dove Body Lotion 400 ml", "revenue" : 10370186.75, "pct" : 0.0820}, {"productName" : "Giva Necklace", "revenue" : 10369800.80, "pct" : 0.0820}, {"productName" : "Fortune Breakfast Cereal 1 kg", "revenue" : 10369611.00, "pct" : 0.0820}, {"productName" : "HarperCollins Non-Fiction Book", "revenue" : 10366520.93, "pct" : 0.0820}, {"productName" : "Kay Beauty Makeup Kit", "revenue" : 10365701.68, "pct" : 0.0820}, {"productName" : "Whirlpool Heater", "revenue" : 10356319.08, "pct" : 0.0819}, {"productName" : "Red Chief Boots", "revenue" : 10347657.18, "pct" : 0.0818}, {"productName" : "Lakme Face Serum", "revenue" : 10343009.35, "pct" : 0.0818}, {"productName" : "Samsung Headphones", "revenue" : 10334146.30, "pct" : 0.0817}, {"productName" : "Aashirvaad Wheat Flour 5 kg", "revenue" : 10331095.80, "pct" : 0.0817}, {"productName" : "Bajaj Water Purifier", "revenue" : 10330082.68, "pct" : 0.0817}, {"productName" : "Puma Slippers", "revenue" : 10327905.88, "pct" : 0.0817}, {"productName" : "Tata Wheat Flour 5 kg", "revenue" : 10320608.65, "pct" : 0.0816}, {"productName" : "Heads Up For Tails Cat Litter 5 kg", "revenue" : 10319429.53, "pct" : 0.0816}, {"productName" : "Godrej Heater", "revenue" : 10315694.75, "pct" : 0.0816}, {"productName" : "Maybelline Makeup Kit", "revenue" : 10310674.95, "pct" : 0.0815}, {"productName" : "Bajaj Mixer Grinder", "revenue" : 10306305.90, "pct" : 0.0815}, {"productName" : "Godrej Interio Dining Table", "revenue" : 10305037.48, "pct" : 0.0815}, {"productName" : "MAC Lipstick", "revenue" : 10303054.20, "pct" : 0.0815}, {"productName" : "SG Skipping Rope", "revenue" : 10302580.93, "pct" : 0.0815}, {"productName" : "Lakme Lipstick", "revenue" : 10301931.65, "pct" : 0.0815}, {"productName" : "Nestle Coffee 250 g", "revenue" : 10295004.15, "pct" : 0.0814}, {"productName" : "Amul Rice 10 kg", "revenue" : 10291963.75, "pct" : 0.0814}, {"productName" : "1mg Paracetamol Strip", "revenue" : 10286916.43, "pct" : 0.0814}, {"productName" : "Play-Doh Doll Set", "revenue" : 10285274.70, "pct" : 0.0813}, {"productName" : "Pepsi Packaged Water", "revenue" : 10282530.10, "pct" : 0.0813}, {"productName" : "Boat Smartwatch", "revenue" : 10277523.20, "pct" : 0.0813}, {"productName" : "Maybelline Foundation", "revenue" : 10276255.78, "pct" : 0.0813}, {"productName" : "SG Football", "revenue" : 10275067.25, "pct" : 0.0813}, {"productName" : "Mobil Bike Helmet", "revenue" : 10266564.43, "pct" : 0.0812}, {"productName" : "Bosch Tyre Inflator", "revenue" : 10260988.58, "pct" : 0.0811}, {"productName" : "Fisher Price Action Figure", "revenue" : 10257179.18, "pct" : 0.0811}, {"productName" : "Himalaya Soap Bar", "revenue" : 10256927.85, "pct" : 0.0811}, {"productName" : "Urban Ladder Chair", "revenue" : 10247650.55, "pct" : 0.0810}, {"productName" : "Adidas Badminton Racket", "revenue" : 10242640.80, "pct" : 0.0810}, {"productName" : "Trust Basket Seeds Packet", "revenue" : 10241063.65, "pct" : 0.0810}, {"productName" : "Liberty Sandals", "revenue" : 10240998.60, "pct" : 0.0810}, {"productName" : "Dell Refrigerator", "revenue" : 10239279.40, "pct" : 0.0810}, {"productName" : "MAC Eyeliner", "revenue" : 10237474.48, "pct" : 0.0810}, {"productName" : "Boat TV 42 inch", "revenue" : 10234507.23, "pct" : 0.0809}, {"productName" : "Tanishq Silver Ring", "revenue" : 10233473.58, "pct" : 0.0809}, {"productName" : "ASUS ROG Mouse Pad", "revenue" : 10232844.73, "pct" : 0.0809}, {"productName" : "Sparx Sneakers", "revenue" : 10231937.35, "pct" : 0.0809}, {"productName" : "Ikea Bookshelf", "revenue" : 10229589.30, "pct" : 0.0809}, {"productName" : "Mobil Tool Kit", "revenue" : 10224358.95, "pct" : 0.0809}, {"productName" : "Mattel Doll Set", "revenue" : 10218026.38, "pct" : 0.0808}, {"productName" : "Blue Star Ceiling Fan", "revenue" : 10206417.98, "pct" : 0.0807}, {"productName" : "Philips Induction Cooktop", "revenue" : 10205602.25, "pct" : 0.0807}, {"productName" : "Cosco Cricket Bat", "revenue" : 10203255.78, "pct" : 0.0807}, {"productName" : "Nivia Track Suit", "revenue" : 10197666.53, "pct" : 0.0806}, {"productName" : "Voltas Induction Cooktop", "revenue" : 10188518.85, "pct" : 0.0806}, {"productName" : "Mi Laptop", "revenue" : 10184925.95, "pct" : 0.0805}, {"productName" : "Scholastic Comics", "revenue" : 10183397.45, "pct" : 0.0805}, {"productName" : "Van Heusen Kurta", "revenue" : 10183377.68, "pct" : 0.0805}, {"productName" : "Puma Kurta", "revenue" : 10182932.18, "pct" : 0.0805}, {"productName" : "Giva Anklet", "revenue" : 10182181.08, "pct" : 0.0805}, {"productName" : "VIP Backpack", "revenue" : 10181038.10, "pct" : 0.0805}, {"productName" : "Malabar Gold Watch", "revenue" : 10177140.03, "pct" : 0.0805}, {"productName" : "Bata Sandals", "revenue" : 10173346.98, "pct" : 0.0805}, {"productName" : "Classmate Desk Lamp", "revenue" : 10173252.73, "pct" : 0.0805}, {"productName" : "Microsoft Xbox Game Disc", "revenue" : 10169875.88, "pct" : 0.0804}, {"productName" : "Van Heusen Blazer", "revenue" : 10168998.38, "pct" : 0.0804}, {"productName" : "FabIndia Jacket", "revenue" : 10168407.53, "pct" : 0.0804}, {"productName" : "FabIndia T-Shirt", "revenue" : 10168202.48, "pct" : 0.0804}, {"productName" : "Tata Motors Tool Kit", "revenue" : 10167100.00, "pct" : 0.0804}, {"productName" : "Aashirvaad Breakfast Cereal 1 kg", "revenue" : 10164379.85, "pct" : 0.0804}, {"productName" : "Apple Bluetooth Speaker", "revenue" : 10164212.63, "pct" : 0.0804}, {"productName" : "Camlin Whiteboard", "revenue" : 10162303.85, "pct" : 0.0804}, {"productName" : "Samsung Bluetooth Speaker", "revenue" : 10158390.43, "pct" : 0.0803}, {"productName" : "Honda Engine Oil 1 L", "revenue" : 10157203.83, "pct" : 0.0803}, {"productName" : "Dell Smartwatch", "revenue" : 10155005.15, "pct" : 0.0803}, {"productName" : "Wow Toothpaste 200 g", "revenue" : 10152851.88, "pct" : 0.0803}, {"productName" : "Dell Smartphone", "revenue" : 10150713.48, "pct" : 0.0803}, {"productName" : "Wow Shampoo 1 L", "revenue" : 10144534.50, "pct" : 0.0802}, {"productName" : "Uniqlo T-Shirt", "revenue" : 10141353.03, "pct" : 0.0802}, {"productName" : "Reebok Cycle", "revenue" : 10138186.40, "pct" : 0.0802}, {"productName" : "Apple Air Conditioner", "revenue" : 10137724.38, "pct" : 0.0802}, {"productName" : "Kenstar Iron Box", "revenue" : 10134646.88, "pct" : 0.0801}, {"productName" : "American Tourister Suitcase", "revenue" : 10133677.43, "pct" : 0.0801}, {"productName" : "Lego Puzzle Board", "revenue" : 10127467.10, "pct" : 0.0801}, {"productName" : "Pepperfry Wardrobe", "revenue" : 10124054.35, "pct" : 0.0801}, {"productName" : "H&M Saree", "revenue" : 10123471.38, "pct" : 0.0801}, {"productName" : "Bisleri Cold Coffee", "revenue" : 10116656.48, "pct" : 0.0800}, {"productName" : "Hero Bike Helmet", "revenue" : 10113983.65, "pct" : 0.0800}, {"productName" : "HP Smartphone", "revenue" : 10101125.98, "pct" : 0.0799}, {"productName" : "Puma Sports Shoes", "revenue" : 10095466.55, "pct" : 0.0798}, {"productName" : "Funskool Toy Train", "revenue" : 10095091.15, "pct" : 0.0798}, {"productName" : "Durian Study Table", "revenue" : 10092885.15, "pct" : 0.0798}, {"productName" : "Samsung TV 42 inch", "revenue" : 10090457.85, "pct" : 0.0798}, {"productName" : "L'Oreal Conditioner 500 ml", "revenue" : 10089898.28, "pct" : 0.0798}, {"productName" : "Ugaoo Plant Pot", "revenue" : 10089216.20, "pct" : 0.0798}, {"productName" : "Sony PlayStation Game Disc", "revenue" : 10087894.75, "pct" : 0.0798}, {"productName" : "H&M Watch", "revenue" : 10068020.58, "pct" : 0.0796}, {"productName" : "Ugaoo Garden Gloves", "revenue" : 10067647.58, "pct" : 0.0796}, {"productName" : "Adidas Gym Dumbbell", "revenue" : 10065342.20, "pct" : 0.0796}, {"productName" : "Faber-Castell Diary", "revenue" : 10065049.13, "pct" : 0.0796}, {"productName" : "Pepsi Energy Drink", "revenue" : 10065008.23, "pct" : 0.0796}, {"productName" : "Faces Canada Eyeliner", "revenue" : 10058081.03, "pct" : 0.0795}, {"productName" : "Nike Sandals", "revenue" : 10055453.75, "pct" : 0.0795}, {"productName" : "Cipla Pain Relief Balm", "revenue" : 10052206.68, "pct" : 0.0795}, {"productName" : "Van Heusen Saree", "revenue" : 10050522.35, "pct" : 0.0795}, {"productName" : "BlueStone Gold Chain", "revenue" : 10050403.38, "pct" : 0.0795}, {"productName" : "Mother Dairy Coffee 250 g", "revenue" : 10047408.98, "pct" : 0.0795}, {"productName" : "Himalaya Toothpaste 200 g", "revenue" : 10045908.95, "pct" : 0.0794}, {"productName" : "NetMeds Paracetamol Strip", "revenue" : 10044160.15, "pct" : 0.0794}, {"productName" : "Kenstar Induction Cooktop", "revenue" : 10043417.18, "pct" : 0.0794}, {"productName" : "Green Grow Garden Gloves", "revenue" : 10041454.50, "pct" : 0.0794}, {"productName" : "Ponds Shampoo 1 L", "revenue" : 10040127.45, "pct" : 0.0794}, {"productName" : "Bata T-Shirt", "revenue" : 10028361.93, "pct" : 0.0793}, {"productName" : "Philips Iron Box", "revenue" : 10027749.83, "pct" : 0.0793}, {"productName" : "Bata Watch", "revenue" : 10024552.15, "pct" : 0.0793}, {"productName" : "Godrej Interio Study Table", "revenue" : 10020996.50, "pct" : 0.0793}, {"productName" : "Nivia Cycle", "revenue" : 10019641.05, "pct" : 0.0792}, {"productName" : "Sony PlayStation Mouse Pad", "revenue" : 10018080.80, "pct" : 0.0792}, {"productName" : "Reynolds Pencil Box", "revenue" : 10017917.83, "pct" : 0.0792}, {"productName" : "Voltas Vacuum Cleaner", "revenue" : 10009758.25, "pct" : 0.0792}, {"productName" : "Pilot Pen Set", "revenue" : 10009101.60, "pct" : 0.0792}, {"productName" : "H&M Jacket", "revenue" : 10007314.65, "pct" : 0.0791}, {"productName" : "Bosch Air Freshener", "revenue" : 10004409.23, "pct" : 0.0791}, {"productName" : "Bajaj Induction Cooktop", "revenue" : 10003592.18, "pct" : 0.0791}, {"productName" : "Himalaya Face Wash 200 ml", "revenue" : 9995957.75, "pct" : 0.0791}, {"productName" : "Faber-Castell Pencil Box", "revenue" : 9989047.80, "pct" : 0.0790}, {"productName" : "Woodland Slippers", "revenue" : 9987484.13, "pct" : 0.0790}, {"productName" : "Dell TV 42 inch", "revenue" : 9986051.70, "pct" : 0.0790}, {"productName" : "Nykaa Lipstick", "revenue" : 9982274.25, "pct" : 0.0789}, {"productName" : "Adidas Jacket", "revenue" : 9980683.80, "pct" : 0.0789}, {"productName" : "CaratLane Silver Ring", "revenue" : 9978425.03, "pct" : 0.0789}, {"productName" : "Garnier Face Wash 200 ml", "revenue" : 9975265.95, "pct" : 0.0789}, {"productName" : "Mi Refrigerator", "revenue" : 9973729.25, "pct" : 0.0789}, {"productName" : "Bata Sneakers", "revenue" : 9964834.70, "pct" : 0.0788}, {"productName" : "Sony Air Conditioner", "revenue" : 9964543.95, "pct" : 0.0788}, {"productName" : "Tata Sugar 5 kg", "revenue" : 9959990.18, "pct" : 0.0788}, {"productName" : "HyperX Gaming Chair", "revenue" : 9956089.63, "pct" : 0.0787}, {"productName" : "Royal Canin Cat Litter 5 kg", "revenue" : 9952079.95, "pct" : 0.0787}, {"productName" : "Britannia Sugar 5 kg", "revenue" : 9946578.10, "pct" : 0.0787}, {"productName" : "Cello Whiteboard", "revenue" : 9945023.73, "pct" : 0.0787}, {"productName" : "Sony Headphones", "revenue" : 9943712.10, "pct" : 0.0786}, {"productName" : "Urban Ladder Mattress", "revenue" : 9942082.05, "pct" : 0.0786}, {"productName" : "Aashirvaad Rice 10 kg", "revenue" : 9941658.78, "pct" : 0.0786}, {"productName" : "Reebok Cricket Bat", "revenue" : 9926229.48, "pct" : 0.0785}, {"productName" : "Voltas Heater", "revenue" : 9923443.43, "pct" : 0.0785}, {"productName" : "ITC Rice 10 kg", "revenue" : 9922990.60, "pct" : 0.0785}, {"productName" : "Hero Car Cover", "revenue" : 9921436.85, "pct" : 0.0785}, {"productName" : "Nestle Pulses 1 kg", "revenue" : 9920516.93, "pct" : 0.0785}, {"productName" : "Lenovo Laptop", "revenue" : 9917925.68, "pct" : 0.0784}, {"productName" : "Nike Boots", "revenue" : 9915219.15, "pct" : 0.0784}, {"productName" : "Wow Conditioner 500 ml", "revenue" : 9914294.08, "pct" : 0.0784}, {"productName" : "IFB Water Purifier", "revenue" : 9912732.38, "pct" : 0.0784}, {"productName" : "Havells Iron Box", "revenue" : 9912440.60, "pct" : 0.0784}, {"productName" : "CaratLane Necklace", "revenue" : 9909814.93, "pct" : 0.0784}, {"productName" : "Puma Sandals", "revenue" : 9907153.08, "pct" : 0.0784}, {"productName" : "Cello School Bag", "revenue" : 9907094.55, "pct" : 0.0784}, {"productName" : "Ikea Dining Table", "revenue" : 9905540.10, "pct" : 0.0783}, {"productName" : "Mother Dairy Cooking Oil 5 L", "revenue" : 9903386.50, "pct" : 0.0783}, {"productName" : "Samsung Tablet", "revenue" : 9903382.43, "pct" : 0.0783}, {"productName" : "Nivea Soap Bar", "revenue" : 9902950.95, "pct" : 0.0783}, {"productName" : "Pedigree Dog Leash", "revenue" : 9901375.43, "pct" : 0.0783}, {"productName" : "Castrol Bike Helmet", "revenue" : 9895458.13, "pct" : 0.0783}, {"productName" : "Fortune Sugar 5 kg", "revenue" : 9894918.28, "pct" : 0.0783}, {"productName" : "Coca Cola Energy Drink", "revenue" : 9892139.65, "pct" : 0.0782}, {"productName" : "Pedigree Cat Toy Set", "revenue" : 9889203.35, "pct" : 0.0782}, {"productName" : "ITC Breakfast Cereal 1 kg", "revenue" : 9887257.45, "pct" : 0.0782}, {"productName" : "Giva Watch", "revenue" : 9884875.43, "pct" : 0.0782}, {"productName" : "Nike Cricket Bat", "revenue" : 9876993.75, "pct" : 0.0781}, {"productName" : "Plantix Garden Gloves", "revenue" : 9876698.83, "pct" : 0.0781}, {"productName" : "Puma Boots", "revenue" : 9875690.45, "pct" : 0.0781}, {"productName" : "Sony PlayStation Console", "revenue" : 9868647.75, "pct" : 0.0780}, {"productName" : "Revlon Face Serum", "revenue" : 9864930.53, "pct" : 0.0780}, {"productName" : "Zara Cap", "revenue" : 9856054.50, "pct" : 0.0779}, {"productName" : "Apple Smartphone", "revenue" : 9854664.35, "pct" : 0.0779}, {"productName" : "Mi Bluetooth Speaker", "revenue" : 9843117.40, "pct" : 0.0778}, {"productName" : "Dr Reddys Antibiotic Capsules", "revenue" : 9842051.23, "pct" : 0.0778}, {"productName" : "Asus Smartphone", "revenue" : 9840583.38, "pct" : 0.0778}, {"productName" : "Bata Shoes", "revenue" : 9838804.30, "pct" : 0.0778}, {"productName" : "IFB Induction Cooktop", "revenue" : 9825629.08, "pct" : 0.0777}, {"productName" : "Nilkamal TV Unit", "revenue" : 9825443.85, "pct" : 0.0777}, {"productName" : "Sun Pharma Paracetamol Strip", "revenue" : 9825170.98, "pct" : 0.0777}, {"productName" : "Garnier Hair Oil 200 ml", "revenue" : 9816510.15, "pct" : 0.0776}, {"productName" : "Bosch Car Cover", "revenue" : 9816240.25, "pct" : 0.0776}, {"productName" : "Yonex Skipping Rope", "revenue" : 9814337.35, "pct" : 0.0776}, {"productName" : "Yonex Cricket Bat", "revenue" : 9812305.78, "pct" : 0.0776}, {"productName" : "Hot Wheels Remote Car", "revenue" : 9811269.75, "pct" : 0.0776}, {"productName" : "Revlon Foundation", "revenue" : 9807699.58, "pct" : 0.0776}, {"productName" : "Lakme Foundation", "revenue" : 9804609.78, "pct" : 0.0775}, {"productName" : "Dr Reddys Paracetamol Strip", "revenue" : 9804392.70, "pct" : 0.0775}, {"productName" : "Reebok Football", "revenue" : 9797476.10, "pct" : 0.0775}, {"productName" : "Mattel Building Blocks", "revenue" : 9783993.78, "pct" : 0.0774}, {"productName" : "Mother Dairy Salt 1 kg", "revenue" : 9776878.25, "pct" : 0.0773}, {"productName" : "Sun Pharma Vitamin C Tablets", "revenue" : 9774316.13, "pct" : 0.0773}, {"productName" : "Ponds Toothpaste 200 g", "revenue" : 9773483.68, "pct" : 0.0773}, {"productName" : "Britannia Cooking Oil 5 L", "revenue" : 9771492.75, "pct" : 0.0773}, {"productName" : "Colorbar Lipstick", "revenue" : 9771114.18, "pct" : 0.0773}, {"productName" : "Bosch Engine Oil 1 L", "revenue" : 9766129.43, "pct" : 0.0772}, {"productName" : "Philips Water Purifier", "revenue" : 9759770.23, "pct" : 0.0772}, {"productName" : "Navneet Whiteboard", "revenue" : 9758269.83, "pct" : 0.0772}, {"productName" : "Colgate Toothpaste 200 g", "revenue" : 9756710.85, "pct" : 0.0772}, {"productName" : "Liberty Sneakers", "revenue" : 9753748.95, "pct" : 0.0771}, {"productName" : "ITC Coffee 250 g", "revenue" : 9753715.35, "pct" : 0.0771}, {"productName" : "Sparx Slippers", "revenue" : 9750732.25, "pct" : 0.0771}, {"productName" : "Kenstar Washing Machine", "revenue" : 9749004.63, "pct" : 0.0771}, {"productName" : "Pepperfry Study Table", "revenue" : 9740993.73, "pct" : 0.0770}, {"productName" : "MAC Makeup Kit", "revenue" : 9731001.13, "pct" : 0.0770}, {"productName" : "TVS Tyre Inflator", "revenue" : 9729607.48, "pct" : 0.0769}, {"productName" : "Durian Mattress", "revenue" : 9722149.23, "pct" : 0.0769}, {"productName" : "Voltas Washing Machine", "revenue" : 9721235.75, "pct" : 0.0769}, {"productName" : "Nestle Sugar 5 kg", "revenue" : 9717455.43, "pct" : 0.0769}, {"productName" : "SG Cycle", "revenue" : 9716295.33, "pct" : 0.0768}, {"productName" : "Mother Dairy Sugar 5 kg", "revenue" : 9709847.85, "pct" : 0.0768}, {"productName" : "Nike Jeans", "revenue" : 9709676.03, "pct" : 0.0768}, {"productName" : "Navneet Calculator", "revenue" : 9699679.53, "pct" : 0.0767}, {"productName" : "Parle Salt 1 kg", "revenue" : 9699269.15, "pct" : 0.0767}, {"productName" : "Mi TV 42 inch", "revenue" : 9695160.90, "pct" : 0.0767}, {"productName" : "Aristocrat Power Bank", "revenue" : 9690823.15, "pct" : 0.0766}, {"productName" : "Tata Salt 1 kg", "revenue" : 9682095.83, "pct" : 0.0766}, {"productName" : "Puma Shoes", "revenue" : 9681374.83, "pct" : 0.0766}, {"productName" : "Kenstar Mixer Grinder", "revenue" : 9678111.35, "pct" : 0.0765}, {"productName" : "Giva Silver Ring", "revenue" : 9677042.20, "pct" : 0.0765}, {"productName" : "Logitech G Game Disc", "revenue" : 9668791.70, "pct" : 0.0765}, {"productName" : "OnePlus Smartwatch", "revenue" : 9664406.93, "pct" : 0.0764}, {"productName" : "Puma Cap", "revenue" : 9659485.33, "pct" : 0.0764}, {"productName" : "Zara Blazer", "revenue" : 9659427.75, "pct" : 0.0764}, {"productName" : "Adidas Formal Shoes", "revenue" : 9658654.88, "pct" : 0.0764}, {"productName" : "Navneet School Bag", "revenue" : 9657418.78, "pct" : 0.0764}, {"productName" : "IFB Ceiling Fan", "revenue" : 9656435.80, "pct" : 0.0764}, {"productName" : "Nestle Tea 500 g", "revenue" : 9649594.65, "pct" : 0.0763}, {"productName" : "Nike Skipping Rope", "revenue" : 9646456.30, "pct" : 0.0763}, {"productName" : "PC Jeweller Watch", "revenue" : 9642938.53, "pct" : 0.0763}, {"productName" : "Bloomsbury Children Story Book", "revenue" : 9638925.70, "pct" : 0.0762}, {"productName" : "Puma T-Shirt", "revenue" : 9637530.60, "pct" : 0.0762}, {"productName" : "Li-Ning Track Suit", "revenue" : 9630721.33, "pct" : 0.0762}, {"productName" : "Microsoft Xbox Headset", "revenue" : 9624551.33, "pct" : 0.0761}, {"productName" : "Colgate Face Wash 200 ml", "revenue" : 9622638.53, "pct" : 0.0761}, {"productName" : "Dove Shampoo 1 L", "revenue" : 9620120.18, "pct" : 0.0761}, {"productName" : "Castrol Seat Cushion", "revenue" : 9617459.08, "pct" : 0.0761}, {"productName" : "Britannia Rice 10 kg", "revenue" : 9613203.88, "pct" : 0.0760}, {"productName" : "Lenovo TV 42 inch", "revenue" : 9607917.78, "pct" : 0.0760}, {"productName" : "Adidas Jeans", "revenue" : 9601232.70, "pct" : 0.0759}, {"productName" : "Himalaya Moisturizer 100 ml", "revenue" : 9594479.25, "pct" : 0.0759}, {"productName" : "Adidas Cap", "revenue" : 9592192.25, "pct" : 0.0759}, {"productName" : "IFB Mixer Grinder", "revenue" : 9592180.60, "pct" : 0.0759}, {"productName" : "Mi Microwave", "revenue" : 9587997.68, "pct" : 0.0758}, {"productName" : "Garnier Shampoo 1 L", "revenue" : 9580213.45, "pct" : 0.0758}, {"productName" : "Puma Gym Dumbbell", "revenue" : 9578998.65, "pct" : 0.0758}, {"productName" : "Play-Doh Building Blocks", "revenue" : 9575008.78, "pct" : 0.0757}, {"productName" : "Liberty Slippers", "revenue" : 9567669.80, "pct" : 0.0757}, {"productName" : "MAC Foundation", "revenue" : 9563485.85, "pct" : 0.0756}, {"productName" : "Razer Console", "revenue" : 9563431.68, "pct" : 0.0756}, {"productName" : "Philips Ceiling Fan", "revenue" : 9562632.95, "pct" : 0.0756}, {"productName" : "Wildcraft Suitcase", "revenue" : 9561402.23, "pct" : 0.0756}, {"productName" : "Pepsi Soda Bottle", "revenue" : 9556160.98, "pct" : 0.0756}, {"productName" : "Fisher Price Soft Toy", "revenue" : 9555657.18, "pct" : 0.0756}, {"productName" : "Ugaoo Fertilizer Pack", "revenue" : 9554597.63, "pct" : 0.0756}, {"productName" : "Mamaearth Hair Oil 200 ml", "revenue" : 9553550.70, "pct" : 0.0756}, {"productName" : "Funskool Soft Toy", "revenue" : 9553151.65, "pct" : 0.0756}, {"productName" : "Levis Shoes", "revenue" : 9552949.15, "pct" : 0.0755}, {"productName" : "Apple Tablet", "revenue" : 9549936.10, "pct" : 0.0755}, {"productName" : "Nivea Conditioner 500 ml", "revenue" : 9549467.70, "pct" : 0.0755}, {"productName" : "Raymond Shoes", "revenue" : 9546236.23, "pct" : 0.0755}, {"productName" : "HarperCollins Educational Textbook", "revenue" : 9545003.35, "pct" : 0.0755}, {"productName" : "Sensodyne Face Wash 200 ml", "revenue" : 9544872.60, "pct" : 0.0755}, {"productName" : "SG Tennis Racket", "revenue" : 9543801.15, "pct" : 0.0755}, {"productName" : "Hero Tool Kit", "revenue" : 9537752.40, "pct" : 0.0754}, {"productName" : "Wiggles Cat Toy Set", "revenue" : 9537302.63, "pct" : 0.0754}, {"productName" : "Shell Engine Oil 1 L", "revenue" : 9534596.10, "pct" : 0.0754}, {"productName" : "Adidas Skipping Rope", "revenue" : 9534533.20, "pct" : 0.0754}, {"productName" : "Logitech G Console", "revenue" : 9532700.80, "pct" : 0.0754}, {"productName" : "Boat Tablet", "revenue" : 9530707.38, "pct" : 0.0754}, {"productName" : "Razer Gaming Chair", "revenue" : 9530532.18, "pct" : 0.0754}, {"productName" : "Crompton Washing Machine", "revenue" : 9528563.53, "pct" : 0.0754}, {"productName" : "Li-Ning Cricket Bat", "revenue" : 9526346.43, "pct" : 0.0753}, {"productName" : "Lenovo Microwave", "revenue" : 9521936.63, "pct" : 0.0753}, {"productName" : "Malabar Gold Gold Chain", "revenue" : 9518499.60, "pct" : 0.0753}, {"productName" : "Kenstar Vacuum Cleaner", "revenue" : 9513871.13, "pct" : 0.0752}, {"productName" : "Wow Hair Oil 200 ml", "revenue" : 9510537.65, "pct" : 0.0752}, {"productName" : "Bata Cap", "revenue" : 9505413.73, "pct" : 0.0752}, {"productName" : "FabIndia Watch", "revenue" : 9503512.98, "pct" : 0.0752}, {"productName" : "Raymond Kurta", "revenue" : 9502853.83, "pct" : 0.0752}, {"productName" : "Classmate Notebook", "revenue" : 9495425.13, "pct" : 0.0751}, {"productName" : "Reynolds Whiteboard", "revenue" : 9488327.83, "pct" : 0.0750}, {"productName" : "OnePlus Headphones", "revenue" : 9482587.28, "pct" : 0.0750}, {"productName" : "Rupa Non-Fiction Book", "revenue" : 9473605.58, "pct" : 0.0749}, {"productName" : "Adidas Watch", "revenue" : 9472732.98, "pct" : 0.0749}, {"productName" : "Trust Basket Watering Can", "revenue" : 9471622.10, "pct" : 0.0749}, {"productName" : "Coca Cola Soda Bottle", "revenue" : 9465689.48, "pct" : 0.0749}, {"productName" : "Yonex Tennis Racket", "revenue" : 9465483.68, "pct" : 0.0749}, {"productName" : "Cello Pencil Box", "revenue" : 9463650.80, "pct" : 0.0748}, {"productName" : "Amul Cooking Oil 5 L", "revenue" : 9463471.48, "pct" : 0.0748}, {"productName" : "Nivia Skipping Rope", "revenue" : 9458151.78, "pct" : 0.0748}, {"productName" : "Bajaj Washing Machine", "revenue" : 9456763.35, "pct" : 0.0748}, {"productName" : "Levis Jacket", "revenue" : 9439739.25, "pct" : 0.0747}, {"productName" : "Britannia Breakfast Cereal 1 kg", "revenue" : 9435971.50, "pct" : 0.0746}, {"productName" : "Tanishq Necklace", "revenue" : 9427713.40, "pct" : 0.0746}, {"productName" : "Nike Cycle", "revenue" : 9426170.25, "pct" : 0.0745}, {"productName" : "Liberty Sports Shoes", "revenue" : 9418413.18, "pct" : 0.0745}, {"productName" : "Scholastic Fiction Novel", "revenue" : 9416630.05, "pct" : 0.0745}, {"productName" : "Funskool Puzzle Board", "revenue" : 9410300.63, "pct" : 0.0744}, {"productName" : "Puma Jacket", "revenue" : 9402406.03, "pct" : 0.0744}, {"productName" : "Reynolds Desk Lamp", "revenue" : 9389201.40, "pct" : 0.0743}, {"productName" : "Safari Backpack", "revenue" : 9386205.68, "pct" : 0.0742}, {"productName" : "Nike Heels", "revenue" : 9385239.50, "pct" : 0.0742}, {"productName" : "Wildcraft Backpack", "revenue" : 9382635.33, "pct" : 0.0742}, {"productName" : "Sparx Heels", "revenue" : 9380649.33, "pct" : 0.0742}, {"productName" : "Raymond T-Shirt", "revenue" : 9377173.33, "pct" : 0.0742}, {"productName" : "Faces Canada Face Serum", "revenue" : 9376690.38, "pct" : 0.0742}, {"productName" : "Fertiline Seeds Packet", "revenue" : 9369088.93, "pct" : 0.0741}, {"productName" : "Garnier Conditioner 500 ml", "revenue" : 9366146.68, "pct" : 0.0741}, {"productName" : "BlueStone Necklace", "revenue" : 9363805.68, "pct" : 0.0741}, {"productName" : "FabIndia Jeans", "revenue" : 9362576.18, "pct" : 0.0740}, {"productName" : "Aristocrat Suitcase", "revenue" : 9358905.03, "pct" : 0.0740}, {"productName" : "Amul Sugar 5 kg", "revenue" : 9358058.60, "pct" : 0.0740}]}
