[{"brand" : "Uniqlo", "category" : "Fashion", "productCount" : 10, "revenue" : 116811293.79, "unitsSold" : 2553, "avgRating" : 1.40, "categoryMarketShare" : 9.26, "categoryRank" : 1}, {"brand" : "Philips", "category" : "Electronics", "productCount" : 10, "revenue" : 112471959.05, "unitsSold" : 2471, "avgRating" : 1.10, "categoryMarketShare" : 8.96, "categoryRank" : 1}, {"brand" : "Parle", "category" : "Grocery", "productCount" : 10, "revenue" : 111513513.64, "unitsSold" : 2416, "avgRating" : 0.75, "categoryMarketShare" : 10.55, "categoryRank" : 1}, {"brand" : "Allen Solly", "category" : "Fashion", "productCount" : 10, "revenue" : 110116152.49, "unitsSold" : 2404, "avgRating" : 0.20, "categoryMarketShare" : 8.73, "categoryRank" : 2}, {"brand" : "Patanjali", "category" : "Grocery", "productCount" : 10, "revenue" : 109787707.18, "unitsSold" : 2472, "avgRating" : 0.40, "categoryMarketShare" : 10.39, "categoryRank" : 2}, {"brand" : "Apple", "category" : "Electronics", "productCount" : 10, "revenue" : 109587191.14, "unitsSold" : 2389, "avgRating" : 1.70, "categoryMarketShare" : 8.73, "categoryRank" : 2}, {"brand" : "Aashirvaad", "category" : "Grocery", "productCount" : 10, "revenue" : 109233325.52, "unitsSold" : 2355, "avgRating" : 0.55, "categoryMarketShare" : 10.34, "categoryRank" : 3}, {"brand" : "Dell", "category" : "Electronics", "productCount" : 10, "revenue" : 108092812.79, "unitsSold" : 2313, "avgRating" : 0.20, "categoryMarketShare" : 8.61, "categoryRank" : 3}, {"brand" : "ITC", "category" : "Grocery", "productCount" : 10, "revenue" : 107810356.23, "unitsSold" : 2535, "avgRating" : 0.80, "categoryMarketShare" : 10.20, "categoryRank" : 4}, {"brand" : "FabIndia", "category" : "Fashion", "productCount" : 10, "revenue" : 107780782.58, "unitsSold" : 2415, "avgRating" : 0.40, "categoryMarketShare" : 8.55, "categoryRank" : 3}, {"brand" : "Boat", "category" : "Electronics", "productCount" : 10, "revenue" : 107098676.88, "unitsSold" : 2398, "avgRating" : 1.10, "categoryMarketShare" : 8.53, "categoryRank" : 4}, {"brand" : "Samsung", "category" : "Electronics", "productCount" : 10, "revenue" : 106873200.49, "unitsSold" : 2454, "avgRating" : 0.85, "categoryMarketShare" : 8.51, "categoryRank" : 5}, {"brand" : "Tata", "category" : "Grocery", "productCount" : 10, "revenue" : 106729940.35, "unitsSold" : 2359, "avgRating" : 1.30, "categoryMarketShare" : 10.10, "categoryRank" : 5}, {"brand" : "Britannia", "category" : "Grocery", "productCount" : 10, "revenue" : 106699667.92, "unitsSold" : 2360, "avgRating" : 0.70, "categoryMarketShare" : 10.10, "categoryRank" : 6}, {"brand" : "Lenovo", "category" : "Electronics", "productCount" : 10, "revenue" : 106630617.65, "unitsSold" : 2308, "avgRating" : 0.20, "categoryMarketShare" : 8.49, "categoryRank" : 6}, {"brand" : "Raymond", "category" : "Fashion", "productCount" : 10, "revenue" : 105430079.62, "unitsSold" : 2367, "avgRating" : 0.60, "categoryMarketShare" : 8.36, "categoryRank" : 4}, {"brand" : "Bata", "category" : "Fashion", "productCount" : 10, "revenue" : 105067087.41, "unitsSold" : 2302, "avgRating" : 0.30, "categoryMarketShare" : 8.33, "categoryRank" : 5}, {"brand" : "H&M", "category" : "Fashion", "productCount" : 10, "revenue" : 105064646.13, "unitsSold" : 2365, "avgRating" : 0.40, "categoryMarketShare" : 8.33, "categoryRank" : 6}, {"brand" : "Asus", "category" : "Electronics", "productCount" : 10, "revenue" : 104942118.77, "unitsSold" : 2292, "avgRating" : 1.20, "categoryMarketShare" : 8.36, "categoryRank" : 7}, {"brand" : "OnePlus", "category" : "Electronics", "productCount" : 10, "revenue" : 104896391.01, "unitsSold" : 2371, "avgRating" : 1.20, "categoryMarketShare" : 8.36, "categoryRank" : 8}, {"brand" : "Fortune", "category" : "Grocery", "productCount" : 10, "revenue" : 104676239.87, "unitsSold" : 2381, "avgRating" : 0.50, "categoryMarketShare" : 9.91, "categoryRank" : 7}, {"brand" : "Adidas", "category" : "Fashion", "productCount" : 10, "revenue" : 104666440.62, "unitsSold" : 2364, "avgRating" : 0.95, "categoryMarketShare" : 8.30, "categoryRank" : 7}, {"brand" : "Mi", "category" : "Electronics", "productCount" : 10, "revenue" : 103009306.92, "unitsSold" : 2343, "avgRating" : 0.80, "categoryMarketShare" : 8.21, "categoryRank" : 9}, {"brand" : "Nestle", "category" : "Grocery", "productCount" : 10, "revenue" : 102996163.86, "unitsSold" : 2398, "avgRating" : 1.10, "categoryMarketShare" : 9.75, "categoryRank" : 8}, {"brand" : "Van Heusen", "category" : "Fashion", "productCount" : 10, "revenue" : 102797587.54, "unitsSold" : 2371, "avgRating" : 1.00, "categoryMarketShare" : 8.15, "categoryRank" : 8}, {"brand" : "Puma", "category" : "Fashion", "productCount" : 10, "revenue" : 102692262.39, "unitsSold" : 2301, "avgRating" : 0.00, "categoryMarketShare" : 8.14, "categoryRank" : 9}, {"brand" : "Reynolds", "category" : "Stationery", "productCount" : 9, "revenue" : 101983146.96, "unitsSold" : 2233, "avgRating" : 0.28, "categoryMarketShare" : 13.42, "categoryRank" : 1}, {"brand" : "Levis", "category" : "Fashion", "productCount" : 10, "revenue" : 101632607.97, "unitsSold" : 2239, "avgRating" : 0.90, "categoryMarketShare" : 8.06, "categoryRank" : 10}, {"brand" : "Zara", "category" : "Fashion", "productCount" : 10, "revenue" : 100681521.05, "unitsSold" : 2201, "avgRating" : 1.45, "categoryMarketShare" : 7.98, "categoryRank" : 11}, {"brand" : "Mother Dairy", "category" : "Grocery", "productCount" : 10, "revenue" : 100227815.34, "unitsSold" : 2213, "avgRating" : 0.60, "categoryMarketShare" : 9.49, "categoryRank" : 9}, {"brand" : "LG", "category" : "Electronics", "productCount" : 10, "revenue" : 99514117.59, "unitsSold" : 2233, "avgRating" : 1.00, "categoryMarketShare" : 7.93, "categoryRank" : 10}, {"brand" : "Li-Ning", "category" : "Sports", "productCount" : 9, "revenue" : 99017824.34, "unitsSold" : 2219, "avgRating" : 1.11, "categoryMarketShare" : 10.62, "categoryRank" : 1}, {"brand" : "Navneet", "category" : "Stationery", "productCount" : 9, "revenue" : 98807153.02, "unitsSold" : 2146, "avgRating" : 0.44, "categoryMarketShare" : 13.00, "categoryRank" : 2}, {"brand" : "Cosco", "category" : "Sports", "productCount" : 9, "revenue" : 98749141.99, "unitsSold" : 2198, "avgRating" : 0.56, "categoryMarketShare" : 10.59, "categoryRank" : 2}, {"brand" : "Reebok", "category" : "Sports", "productCount" : 9, "revenue" : 98686405.27, "unitsSold" : 2121, "avgRating" : 1.67, "categoryMarketShare" : 10.58, "categoryRank" : 3}, {"brand" : "Whirlpool", "category" : "Home Appliances", "productCount" : 9, "revenue" : 98565576.40, "unitsSold" : 2186, "avgRating" : 1.33, "categoryMarketShare" : 10.79, "categoryRank" : 1}, {"brand" : "Nike", "category" : "Fashion", "productCount" : 10, "revenue" : 98381574.41, "unitsSold" : 2163, "avgRating" : 0.60, "categoryMarketShare" : 7.80, "categoryRank" : 12}, {"brand" : "Durian", "category" : "Furniture", "productCount" : 9, "revenue" : 98063330.37, "unitsSold" : 2136, "avgRating" : 0.67, "categoryMarketShare" : 15.30, "categoryRank" : 1}, {"brand" : "Nivea", "category" : "Personal Care", "productCount" : 9, "revenue" : 97664475.92, "unitsSold" : 2128, "avgRating" : 0.78, "categoryMarketShare" : 10.64, "categoryRank" : 1}, {"brand" : "Nivia", "category" : "Sports", "productCount" : 9, "revenue" : 97559515.78, "unitsSold" : 2134, "avgRating" : 0.22, "categoryMarketShare" : 10.46, "categoryRank" : 4}, {"brand" : "Luxor", "category" : "Stationery", "productCount" : 9, "revenue" : 97366178.43, "unitsSold" : 2138, "avgRating" : 0.67, "categoryMarketShare" : 12.81, "categoryRank" : 3}, {"brand" : "Amul", "category" : "Grocery", "productCount" : 10, "revenue" : 96854044.88, "unitsSold" : 2163, "avgRating" : 0.80, "categoryMarketShare" : 9.17, "categoryRank" : 10}, {"brand" : "Sony", "category" : "Electronics", "productCount" : 10, "revenue" : 96723053.99, "unitsSold" : 2219, "avgRating" : 1.50, "categoryMarketShare" : 7.71, "categoryRank" : 11}, {"brand" : "Ikea", "category" : "Furniture", "productCount" : 9, "revenue" : 96491797.91, "unitsSold" : 2140, "avgRating" : 0.33, "categoryMarketShare" : 15.06, "categoryRank" : 2}, {"brand" : "Cello", "category" : "Stationery", "productCount" : 9, "revenue" : 96172400.77, "unitsSold" : 2172, "avgRating" : 1.00, "categoryMarketShare" : 12.66, "categoryRank" : 4}, {"brand" : "Faber-Castell", "category" : "Stationery", "productCount" : 9, "revenue" : 95763391.47, "unitsSold" : 2173, "avgRating" : 1.11, "categoryMarketShare" : 12.60, "categoryRank" : 5}, {"brand" : "HP", "category" : "Electronics", "productCount" : 10, "revenue" : 95426885.84, "unitsSold" : 2103, "avgRating" : 0.60, "categoryMarketShare" : 7.60, "categoryRank" : 12}, {"brand" : "Havells", "category" : "Home Appliances", "productCount" : 9, "revenue" : 95373504.67, "unitsSold" : 2109, "avgRating" : 0.94, "categoryMarketShare" : 10.44, "categoryRank" : 2}, {"brand" : "Decathlon", "category" : "Sports", "productCount" : 9, "revenue" : 95221220.75, "unitsSold" : 2142, "avgRating" : 0.89, "categoryMarketShare" : 10.21, "categoryRank" : 5}, {"brand" : "Godrej", "category" : "Home Appliances", "productCount" : 9, "revenue" : 94730569.02, "unitsSold" : 2144, "avgRating" : 0.22, "categoryMarketShare" : 10.37, "categoryRank" : 3}, {"brand" : "Adidas", "category" : "Sports", "productCount" : 9, "revenue" : 94702623.24, "unitsSold" : 2140, "avgRating" : 0.56, "categoryMarketShare" : 10.15, "categoryRank" : 6}, {"brand" : "Classmate", "category" : "Stationery", "productCount" : 9, "revenue" : 94665008.63, "unitsSold" : 2147, "avgRating" : 1.00, "categoryMarketShare" : 12.46, "categoryRank" : 6}, {"brand" : "Garnier", "category" : "Personal Care", "productCount" : 9, "revenue" : 94515987.11, "unitsSold" : 2106, "avgRating" : 1.00, "categoryMarketShare" : 10.30, "categoryRank" : 2}, {"brand" : "Crompton", "category" : "Home Appliances", "productCount" : 9, "revenue" : 94263498.70, "unitsSold" : 2134, "avgRating" : 1.06, "categoryMarketShare" : 10.32, "categoryRank" : 4}, {"brand" : "IFB", "category" : "Home Appliances", "productCount" : 9, "revenue" : 94148489.59, "unitsSold" : 2008, "avgRating" : 0.00, "categoryMarketShare" : 10.30, "categoryRank" : 5}, {"brand" : "Ponds", "category" : "Personal Care", "productCount" : 9, "revenue" : 93231012.98, "unitsSold" : 2165, "avgRating" : 0.94, "categoryMarketShare" : 10.16, "categoryRank" : 3}, {"brand" : "Urban Ladder", "category" : "Furniture", "productCount" : 9, "revenue" : 92879758.18, "unitsSold" : 2008, "avgRating" : 0.00, "categoryMarketShare" : 14.49, "categoryRank" : 3}, {"brand" : "L'Oreal", "category" : "Personal Care", "productCount" : 9, "revenue" : 92305305.95, "unitsSold" : 2103, "avgRating" : 1.33, "categoryMarketShare" : 10.06, "categoryRank" : 4}, {"brand" : "Dove", "category" : "Personal Care", "productCount" : 9, "revenue" : 92305149.93, "unitsSold" : 2026, "avgRating" : 0.33, "categoryMarketShare" : 10.06, "categoryRank" : 5}, {"brand" : "SG", "category" : "Sports", "productCount" : 9, "revenue" : 91983423.48, "unitsSold" : 2068, "avgRating" : 0.78, "categoryMarketShare" : 9.86, "categoryRank" : 7}, {"brand" : "Puma", "category" : "Sports", "productCount" : 9, "revenue" : 91339645.22, "unitsSold" : 2009, "avgRating" : 0.33, "categoryMarketShare" : 9.79, "categoryRank" : 8}, {"brand" : "Himalaya", "category" : "Personal Care", "productCount" : 9, "revenue" : 91235723.66, "unitsSold" : 2068, "avgRating" : 0.22, "categoryMarketShare" : 9.94, "categoryRank" : 6}, {"brand" : "Pilot", "category" : "Stationery", "productCount" : 9, "revenue" : 91160136.47, "unitsSold" : 1948, "avgRating" : 0.78, "categoryMarketShare" : 12.00, "categoryRank" : 7}, {"brand" : "Nilkamal", "category" : "Furniture", "productCount" : 9, "revenue" : 91047835.37, "unitsSold" : 2069, "avgRating" : 0.89, "categoryMarketShare" : 14.21, "categoryRank" : 4}, {"brand" : "Sensodyne", "category" : "Personal Care", "productCount" : 9, "revenue" : 90381963.60, "unitsSold" : 2052, "avgRating" : 0.00, "categoryMarketShare" : 9.85, "categoryRank" : 7}, {"brand" : "Voltas", "category" : "Home Appliances", "productCount" : 9, "revenue" : 89963541.06, "unitsSold" : 2057, "avgRating" : 1.22, "categoryMarketShare" : 9.84, "categoryRank" : 6}, {"brand" : "Blue Star", "category" : "Home Appliances", "productCount" : 9, "revenue" : 89584631.58, "unitsSold" : 2037, "avgRating" : 1.22, "categoryMarketShare" : 9.80, "categoryRank" : 7}, {"brand" : "Colgate", "category" : "Personal Care", "productCount" : 9, "revenue" : 89483650.14, "unitsSold" : 2023, "avgRating" : 0.89, "categoryMarketShare" : 9.75, "categoryRank" : 8}, {"brand" : "Godrej Interio", "category" : "Furniture", "productCount" : 9, "revenue" : 88794715.87, "unitsSold" : 2042, "avgRating" : 0.56, "categoryMarketShare" : 13.85, "categoryRank" : 5}, {"brand" : "Mamaearth", "category" : "Personal Care", "productCount" : 9, "revenue" : 88544947.55, "unitsSold" : 2028, "avgRating" : 0.56, "categoryMarketShare" : 9.65, "categoryRank" : 9}, {"brand" : "Wow", "category" : "Personal Care", "productCount" : 9, "revenue" : 88277682.93, "unitsSold" : 1956, "avgRating" : 0.33, "categoryMarketShare" : 9.62, "categoryRank" : 10}, {"brand" : "Bajaj", "category" : "Home Appliances", "productCount" : 9, "revenue" : 87906897.95, "unitsSold" : 1980, "avgRating" : 0.78, "categoryMarketShare" : 9.62, "categoryRank" : 8}, {"brand" : "Pepperfry", "category" : "Furniture", "productCount" : 9, "revenue" : 86876294.23, "unitsSold" : 1969, "avgRating" : 0.33, "categoryMarketShare" : 13.56, "categoryRank" : 6}, {"brand" : "Hometown", "category" : "Furniture", "productCount" : 9, "revenue" : 86748704.38, "unitsSold" : 1972, "avgRating" : 0.56, "categoryMarketShare" : 13.54, "categoryRank" : 7}, {"brand" : "Kenstar", "category" : "Home Appliances", "productCount" : 9, "revenue" : 86429034.81, "unitsSold" : 1914, "avgRating" : 0.22, "categoryMarketShare" : 9.46, "categoryRank" : 9}, {"brand" : "Yonex", "category" : "Sports", "productCount" : 9, "revenue" : 84871267.72, "unitsSold" : 1991, "avgRating" : 0.44, "categoryMarketShare" : 9.10, "categoryRank" : 9}, {"brand" : "Camlin", "category" : "Stationery", "productCount" : 9, "revenue" : 83910651.28, "unitsSold" : 1889, "avgRating" : 0.56, "categoryMarketShare" : 11.04, "categoryRank" : 8}, {"brand" : "Philips", "category" : "Home Appliances", "productCount" : 9, "revenue" : 82862215.79, "unitsSold" : 1924, "avgRating" : 1.22, "categoryMarketShare" : 9.07, "categoryRank" : 10}, {"brand" : "Nike", "category" : "Sports", "productCount" : 9, "revenue" : 80656103.64, "unitsSold" : 1906, "avgRating" : 0.44, "categoryMarketShare" : 8.65, "categoryRank" : 10}, {"brand" : "Barbie", "category" : "Toys", "productCount" : 7, "revenue" : 79730213.29, "unitsSold" : 1795, "avgRating" : 0.79, "categoryMarketShare" : 15.67, "categoryRank" : 1}, {"brand" : "Hero", "category" : "Automotive", "productCount" : 7, "revenue" : 79388481.90, "unitsSold" : 1768, "avgRating" : 0.57, "categoryMarketShare" : 12.16, "categoryRank" : 1}, {"brand" : "Mattel", "category" : "Toys", "productCount" : 7, "revenue" : 78375286.64, "unitsSold" : 1676, "avgRating" : 0.57, "categoryMarketShare" : 15.40, "categoryRank" : 2}, {"brand" : "Adidas", "category" : "Footwear", "productCount" : 7, "revenue" : 76232824.02, "unitsSold" : 1731, "avgRating" : 1.00, "categoryMarketShare" : 12.82, "categoryRank" : 1}, {"brand" : "Bata", "category" : "Footwear", "productCount" : 7, "revenue" : 75438054.64, "unitsSold" : 1693, "avgRating" : 1.00, "categoryMarketShare" : 12.69, "categoryRank" : 2}, {"brand" : "Red Chief", "category" : "Footwear", "productCount" : 7, "revenue" : 75197755.51, "unitsSold" : 1539, "avgRating" : 0.79, "categoryMarketShare" : 12.65, "categoryRank" : 3}, {"brand" : "TVS", "category" : "Automotive", "productCount" : 7, "revenue" : 75033535.31, "unitsSold" : 1706, "avgRating" : 1.71, "categoryMarketShare" : 11.50, "categoryRank" : 2}, {"brand" : "Tanishq", "category" : "Jewellery", "productCount" : 7, "revenue" : 74962861.64, "unitsSold" : 1673, "avgRating" : 1.29, "categoryMarketShare" : 14.88, "categoryRank" : 1}, {"brand" : "Sparx", "category" : "Footwear", "productCount" : 7, "revenue" : 74906248.14, "unitsSold" : 1653, "avgRating" : 1.07, "categoryMarketShare" : 12.60, "categoryRank" : 4}, {"brand" : "Lego", "category" : "Toys", "productCount" : 7, "revenue" : 74778928.14, "unitsSold" : 1657, "avgRating" : 0.93, "categoryMarketShare" : 14.69, "categoryRank" : 3}, {"brand" : "Mobil", "category" : "Automotive", "productCount" : 7, "revenue" : 74546537.32, "unitsSold" : 1674, "avgRating" : 1.71, "categoryMarketShare" : 11.42, "categoryRank" : 3}, {"brand" : "Puma", "category" : "Footwear", "productCount" : 7, "revenue" : 73860625.04, "unitsSold" : 1694, "avgRating" : 0.43, "categoryMarketShare" : 12.42, "categoryRank" : 5}, {"brand" : "Woodland", "category" : "Footwear", "productCount" : 7, "revenue" : 73769907.93, "unitsSold" : 1645, "avgRating" : 1.00, "categoryMarketShare" : 12.41, "categoryRank" : 6}, {"brand" : "CaratLane", "category" : "Jewellery", "productCount" : 7, "revenue" : 73725388.60, "unitsSold" : 1620, "avgRating" : 0.86, "categoryMarketShare" : 14.64, "categoryRank" : 2}, {"brand" : "Castrol", "category" : "Automotive", "productCount" : 7, "revenue" : 73724923.75, "unitsSold" : 1649, "avgRating" : 0.96, "categoryMarketShare" : 11.30, "categoryRank" : 4}, {"brand" : "Fisher Price", "category" : "Toys", "productCount" : 7, "revenue" : 72697501.07, "unitsSold" : 1596, "avgRating" : 1.00, "categoryMarketShare" : 14.28, "categoryRank" : 4}, {"brand" : "Liberty", "category" : "Footwear", "productCount" : 7, "revenue" : 72695700.83, "unitsSold" : 1639, "avgRating" : 1.00, "categoryMarketShare" : 12.23, "categoryRank" : 7}, {"brand" : "Giva", "category" : "Jewellery", "productCount" : 7, "revenue" : 72530205.90, "unitsSold" : 1630, "avgRating" : 0.43, "categoryMarketShare" : 14.40, "categoryRank" : 3}, {"brand" : "Nike", "category" : "Footwear", "productCount" : 7, "revenue" : 72510220.76, "unitsSold" : 1624, "avgRating" : 0.43, "categoryMarketShare" : 12.19, "categoryRank" : 8}, {"brand" : "Malabar Gold", "category" : "Jewellery", "productCount" : 7, "revenue" : 72443122.61, "unitsSold" : 1575, "avgRating" : 0.14, "categoryMarketShare" : 14.38, "categoryRank" : 4}, {"brand" : "Reliance Jewels", "category" : "Jewellery", "productCount" : 7, "revenue" : 72043229.79, "unitsSold" : 1591, "avgRating" : 0.57, "categoryMarketShare" : 14.30, "categoryRank" : 5}, {"brand" : "Honda", "category" : "Automotive", "productCount" : 7, "revenue" : 71864145.74, "unitsSold" : 1592, "avgRating" : 0.71, "categoryMarketShare" : 11.01, "categoryRank" : 5}, {"brand" : "Shell", "category" : "Automotive", "productCount" : 7, "revenue" : 71137993.69, "unitsSold" : 1650, "avgRating" : 0.86, "categoryMarketShare" : 10.90, "categoryRank" : 6}, {"brand" : "Mahindra", "category" : "Automotive", "productCount" : 7, "revenue" : 70675507.41, "unitsSold" : 1610, "avgRating" : 1.14, "categoryMarketShare" : 10.83, "categoryRank" : 7}, {"brand" : "PC Jeweller", "category" : "Jewellery", "productCount" : 7, "revenue" : 69422019.85, "unitsSold" : 1598, "avgRating" : 1.14, "categoryMarketShare" : 13.78, "categoryRank" : 6}, {"brand" : "Tata Motors", "category" : "Automotive", "productCount" : 7, "revenue" : 69174482.16, "unitsSold" : 1595, "avgRating" : 0.71, "categoryMarketShare" : 10.60, "categoryRank" : 8}, {"brand" : "Hot Wheels", "category" : "Toys", "productCount" : 7, "revenue" : 68718519.09, "unitsSold" : 1530, "avgRating" : 0.43, "categoryMarketShare" : 13.50, "categoryRank" : 5}, {"brand" : "Funskool", "category" : "Toys", "productCount" : 7, "revenue" : 68597470.51, "unitsSold" : 1588, "avgRating" : 0.00, "categoryMarketShare" : 13.48, "categoryRank" : 6}, {"brand" : "BlueStone", "category" : "Jewellery", "productCount" : 7, "revenue" : 68560716.67, "unitsSold" : 1539, "avgRating" : 0.64, "categoryMarketShare" : 13.61, "categoryRank" : 7}, {"brand" : "Colorbar", "category" : "Beauty", "productCount" : 6, "revenue" : 67128041.52, "unitsSold" : 1511, "avgRating" : 0.17, "categoryMarketShare" : 13.31, "categoryRank" : 1}, {"brand" : "Bosch", "category" : "Automotive", "productCount" : 7, "revenue" : 67062307.10, "unitsSold" : 1472, "avgRating" : 0.57, "categoryMarketShare" : 10.28, "categoryRank" : 9}, {"brand" : "Kay Beauty", "category" : "Beauty", "productCount" : 6, "revenue" : 67025637.17, "unitsSold" : 1409, "avgRating" : 0.33, "categoryMarketShare" : 13.29, "categoryRank" : 2}, {"brand" : "Play-Doh", "category" : "Toys", "productCount" : 7, "revenue" : 66052495.79, "unitsSold" : 1462, "avgRating" : 1.00, "categoryMarketShare" : 12.98, "categoryRank" : 7}, {"brand" : "ASUS ROG", "category" : "Gaming", "productCount" : 6, "revenue" : 64520676.32, "unitsSold" : 1378, "avgRating" : 0.50, "categoryMarketShare" : 17.91, "categoryRank" : 1}, {"brand" : "Lakme", "category" : "Beauty", "productCount" : 6, "revenue" : 64398632.69, "unitsSold" : 1352, "avgRating" : 0.67, "categoryMarketShare" : 12.77, "categoryRank" : 3}, {"brand" : "Faces Canada", "category" : "Beauty", "productCount" : 6, "revenue" : 64187917.55, "unitsSold" : 1447, "avgRating" : 1.92, "categoryMarketShare" : 12.73, "categoryRank" : 4}, {"brand" : "Revlon", "category" : "Beauty", "productCount" : 6, "revenue" : 62826314.45, "unitsSold" : 1391, "avgRating" : 1.17, "categoryMarketShare" : 12.46, "categoryRank" : 5}, {"brand" : "Maybelline", "category" : "Beauty", "productCount" : 6, "revenue" : 60861914.12, "unitsSold" : 1359, "avgRating" : 1.67, "categoryMarketShare" : 12.07, "categoryRank" : 6}, {"brand" : "Sony PlayStation", "category" : "Gaming", "productCount" : 6, "revenue" : 60828672.38, "unitsSold" : 1346, "avgRating" : 0.83, "categoryMarketShare" : 16.88, "categoryRank" : 2}, {"brand" : "Microsoft Xbox", "category" : "Gaming", "productCount" : 6, "revenue" : 60471609.37, "unitsSold" : 1362, "avgRating" : 0.33, "categoryMarketShare" : 16.78, "categoryRank" : 3}, {"brand" : "Nykaa", "category" : "Beauty", "productCount" : 6, "revenue" : 59261689.36, "unitsSold" : 1365, "avgRating" : 0.83, "categoryMarketShare" : 11.75, "categoryRank" : 7}, {"brand" : "Razer", "category" : "Gaming", "productCount" : 6, "revenue" : 59243178.55, "unitsSold" : 1364, "avgRating" : 1.50, "categoryMarketShare" : 16.44, "categoryRank" : 4}, {"brand" : "Logitech G", "category" : "Gaming", "productCount" : 6, "revenue" : 58939833.31, "unitsSold" : 1368, "avgRating" : 2.17, "categoryMarketShare" : 16.36, "categoryRank" : 5}, {"brand" : "MAC", "category" : "Beauty", "productCount" : 6, "revenue" : 58580526.09, "unitsSold" : 1265, "avgRating" : 0.67, "categoryMarketShare" : 11.62, "categoryRank" : 8}, {"brand" : "American Tourister", "category" : "Travel", "productCount" : 5, "revenue" : 58083424.09, "unitsSold" : 1255, "avgRating" : 0.80, "categoryMarketShare" : 18.25, "categoryRank" : 1}, {"brand" : "Pedigree", "category" : "Pet Care", "productCount" : 5, "revenue" : 56912396.16, "unitsSold" : 1295, "avgRating" : 1.40, "categoryMarketShare" : 17.91, "categoryRank" : 1}, {"brand" : "HyperX", "category" : "Gaming", "productCount" : 6, "revenue" : 56302425.22, "unitsSold" : 1281, "avgRating" : 0.33, "categoryMarketShare" : 15.63, "categoryRank" : 6}, {"brand" : "Apollo Pharmacy", "category" : "Pharmacy", "productCount" : 5, "revenue" : 55858285.56, "unitsSold" : 1289, "avgRating" : 1.00, "categoryMarketShare" : 17.86, "categoryRank" : 1}, {"brand" : "Whiskas", "category" : "Pet Care", "productCount" : 5, "revenue" : 55451861.84, "unitsSold" : 1259, "avgRating" : 0.20, "categoryMarketShare" : 17.45, "categoryRank" : 2}, {"brand" : "Bisleri", "category" : "Beverages", "productCount" : 5, "revenue" : 54898765.76, "unitsSold" : 1193, "avgRating" : 0.60, "categoryMarketShare" : 17.56, "categoryRank" : 1}, {"brand" : "Dr Reddys", "category" : "Pharmacy", "productCount" : 5, "revenue" : 54855815.31, "unitsSold" : 1203, "avgRating" : 0.60, "categoryMarketShare" : 17.54, "categoryRank" : 2}, {"brand" : "VIP", "category" : "Travel", "productCount" : 5, "revenue" : 54845013.26, "unitsSold" : 1212, "avgRating" : 0.60, "categoryMarketShare" : 17.23, "categoryRank" : 2}, {"brand" : "Skybags", "category" : "Travel", "productCount" : 5, "revenue" : 54818765.24, "unitsSold" : 1159, "avgRating" : 1.00, "categoryMarketShare" : 17.23, "categoryRank" : 3}, {"brand" : "Penguin", "category" : "Books", "productCount" : 5, "revenue" : 54582926.22, "unitsSold" : 1210, "avgRating" : 1.60, "categoryMarketShare" : 21.12, "categoryRank" : 1}, {"brand" : "Real Juice", "category" : "Beverages", "productCount" : 5, "revenue" : 54534419.29, "unitsSold" : 1248, "avgRating" : 0.60, "categoryMarketShare" : 17.44, "categoryRank" : 2}, {"brand" : "Green Grow", "category" : "Gardening", "productCount" : 5, "revenue" : 54369788.71, "unitsSold" : 1177, "avgRating" : 1.00, "categoryMarketShare" : 20.74, "categoryRank" : 1}, {"brand" : "Plantix", "category" : "Gardening", "productCount" : 5, "revenue" : 54216984.94, "unitsSold" : 1143, "avgRating" : 1.80, "categoryMarketShare" : 20.69, "categoryRank" : 2}, {"brand" : "Rupa", "category" : "Books", "productCount" : 5, "revenue" : 53794387.21, "unitsSold" : 1237, "avgRating" : 1.33, "categoryMarketShare" : 20.82, "categoryRank" : 2}, {"brand" : "Royal Canin", "category" : "Pet Care", "productCount" : 5, "revenue" : 53779278.49, "unitsSold" : 1194, "avgRating" : 2.00, "categoryMarketShare" : 16.92, "categoryRank" : 3}, {"brand" : "Paper Boat", "category" : "Beverages", "productCount" : 5, "revenue" : 53511577.42, "unitsSold" : 1138, "avgRating" : 0.60, "categoryMarketShare" : 17.11, "categoryRank" : 3}, {"brand" : "NetMeds", "category" : "Pharmacy", "productCount" : 5, "revenue" : 53324962.71, "unitsSold" : 1164, "avgRating" : 0.20, "categoryMarketShare" : 17.05, "categoryRank" : 3}, {"brand" : "Fertiline", "category" : "Gardening", "productCount" : 5, "revenue" : 53299057.89, "unitsSold" : 1139, "avgRating" : 1.20, "categoryMarketShare" : 20.34, "categoryRank" : 3}, {"brand" : "Wiggles", "category" : "Pet Care", "productCount" : 5, "revenue" : 52891488.49, "unitsSold" : 1174, "avgRating" : 0.00, "categoryMarketShare" : 16.65, "categoryRank" : 4}, {"brand" : "Coca Cola", "category" : "Beverages", "productCount" : 5, "revenue" : 52844483.39, "unitsSold" : 1183, "avgRating" : 2.50, "categoryMarketShare" : 16.90, "categoryRank" : 4}, {"brand" : "Ugaoo", "category" : "Gardening", "productCount" : 5, "revenue" : 52830253.57, "unitsSold" : 1171, "avgRating" : 1.80, "categoryMarketShare" : 20.16, "categoryRank" : 4}, {"brand" : "HarperCollins", "category" : "Books", "productCount" : 5, "revenue" : 52505518.94, "unitsSold" : 1149, "avgRating" : 0.70, "categoryMarketShare" : 20.32, "categoryRank" : 3}, {"brand" : "Cipla", "category" : "Pharmacy", "productCount" : 5, "revenue" : 51897292.31, "unitsSold" : 1139, "avgRating" : 1.00, "categoryMarketShare" : 16.59, "categoryRank" : 4}, {"brand" : "Wildcraft", "category" : "Travel", "productCount" : 5, "revenue" : 51154549.34, "unitsSold" : 1095, "avgRating" : 1.40, "categoryMarketShare" : 16.08, "categoryRank" : 4}, {"brand" : "Drools", "category" : "Pet Care", "productCount" : 5, "revenue" : 50669817.89, "unitsSold" : 1141, "avgRating" : 2.40, "categoryMarketShare" : 15.95, "categoryRank" : 5}, {"brand" : "Sun Pharma", "category" : "Pharmacy", "productCount" : 5, "revenue" : 50640096.74, "unitsSold" : 1116, "avgRating" : 0.20, "categoryMarketShare" : 16.19, "categoryRank" : 5}, {"brand" : "Aristocrat", "category" : "Travel", "productCount" : 5, "revenue" : 50404361.29, "unitsSold" : 1128, "avgRating" : 0.00, "categoryMarketShare" : 15.84, "categoryRank" : 5}, {"brand" : "Red Bull", "category" : "Beverages", "productCount" : 5, "revenue" : 49540202.32, "unitsSold" : 1134, "avgRating" : 1.60, "categoryMarketShare" : 15.84, "categoryRank" : 5}, {"brand" : "Bloomsbury", "category" : "Books", "productCount" : 5, "revenue" : 49495322.43, "unitsSold" : 1130, "avgRating" : 0.00, "categoryMarketShare" : 19.15, "categoryRank" : 4}, {"brand" : "Safari", "category" : "Travel", "productCount" : 5, "revenue" : 48917293.31, "unitsSold" : 1128, "avgRating" : 1.00, "categoryMarketShare" : 15.37, "categoryRank" : 6}, {"brand" : "Scholastic", "category" : "Books", "productCount" : 5, "revenue" : 48052971.88, "unitsSold" : 1147, "avgRating" : 1.10, "categoryMarketShare" : 18.59, "categoryRank" : 5}, {"brand" : "Heads Up For Tails", "category" : "Pet Care", "productCount" : 5, "revenue" : 48046495.59, "unitsSold" : 1097, "avgRating" : 1.60, "categoryMarketShare" : 15.12, "categoryRank" : 6}, {"brand" : "Trust Basket", "category" : "Gardening", "productCount" : 5, "revenue" : 47376063.96, "unitsSold" : 1085, "avgRating" : 1.00, "categoryMarketShare" : 18.08, "categoryRank" : 5}, {"brand" : "Pepsi", "category" : "Beverages", "productCount" : 5, "revenue" : 47365900.02, "unitsSold" : 1036, "avgRating" : 0.00, "categoryMarketShare" : 15.15, "categoryRank" : 6}, {"brand" : "1mg", "category" : "Pharmacy", "productCount" : 5, "revenue" : 46205934.85, "unitsSold" : 1029, "avgRating" : 1.80, "categoryMarketShare" : 14.77, "categoryRank" : 6}]
