[{"category" : "Fashion", "productCount" : 120, "revenue" : 1261122035.68, "unitsSold" : 28045, "avgPrice" : 50140.17, "avgRating" : 3.03, "marketShare" : 9.97, "rank" : 1}, {"category" : "Electronics", "productCount" : 120, "revenue" : 1255266331.88, "unitsSold" : 27894, "avgPrice" : 50289.19, "avgRating" : 3.20, "marketShare" : 9.93, "rank" : 2}, {"category" : "Grocery", "productCount" : 100, "revenue" : 1056528774.55, "unitsSold" : 23652, "avgPrice" : 49945.83, "avgRating" : 3.00, "marketShare" : 8.36, "rank" : 3}, {"category" : "Sports", "productCount" : 90, "revenue" : 932787171.23, "unitsSold" : 20928, "avgPrice" : 49777.78, "avgRating" : 3.00, "marketShare" : 7.38, "rank" : 4}, {"category" : "Personal Care", "productCount" : 90, "revenue" : 917945899.55, "unitsSold" : 20655, "avgPrice" : 49594.51, "avgRating" : 2.44, "marketShare" : 7.26, "rank" : 5}, {"category" : "Home Appliances", "productCount" : 90, "revenue" : 913827959.35, "unitsSold" : 20493, "avgPrice" : 49593.63, "avgRating" : 2.66, "marketShare" : 7.23, "rank" : 6}, {"category" : "Stationery", "productCount" : 72, "revenue" : 759828066.83, "unitsSold" : 16846, "avgPrice" : 50532.20, "avgRating" : 2.81, "marketShare" : 6.01, "rank" : 7}, {"category" : "Automotive", "productCount" : 63, "revenue" : 652607914.25, "unitsSold" : 14716, "avgPrice" : 49512.86, "avgRating" : 3.22, "marketShare" : 5.16, "rank" : 8}, {"category" : "Furniture", "productCount" : 63, "revenue" : 640902436.15, "unitsSold" : 14336, "avgPrice" : 49929.36, "avgRating" : 3.08, "marketShare" : 5.07, "rank" : 9}, {"category" : "Footwear", "productCount" : 56, "revenue" : 594611336.75, "unitsSold" : 13218, "avgPrice" : 49933.44, "avgRating" : 2.90, "marketShare" : 4.70, "rank" : 10}, {"category" : "Toys", "productCount" : 49, "revenue" : 508950414.43, "unitsSold" : 11304, "avgPrice" : 50086.40, "avgRating" : 2.63, "marketShare" : 4.03, "rank" : 11}, {"category" : "Beauty", "productCount" : 48, "revenue" : 504270672.80, "unitsSold" : 11099, "avgPrice" : 50537.91, "avgRating" : 2.74, "marketShare" : 3.99, "rank" : 12}, {"category" : "Jewellery", "productCount" : 49, "revenue" : 503687544.93, "unitsSold" : 11226, "avgPrice" : 50053.37, "avgRating" : 2.50, "marketShare" : 3.98, "rank" : 13}, {"category" : "Gaming", "productCount" : 36, "revenue" : 360306395.05, "unitsSold" : 8099, "avgPrice" : 49524.73, "avgRating" : 3.50, "marketShare" : 2.85, "rank" : 14}, {"category" : "Travel", "productCount" : 30, "revenue" : 318223406.45, "unitsSold" : 6977, "avgPrice" : 50804.59, "avgRating" : 3.22, "marketShare" : 2.52, "rank" : 15}, {"category" : "Pet Care", "productCount" : 30, "revenue" : 317751338.38, "unitsSold" : 7160, "avgPrice" : 49637.75, "avgRating" : 3.83, "marketShare" : 2.51, "rank" : 16}, {"category" : "Pharmacy", "productCount" : 30, "revenue" : 312782387.40, "unitsSold" : 6940, "avgPrice" : 50060.87, "avgRating" : 3.00, "marketShare" : 2.47, "rank" : 17}, {"category" : "Beverages", "productCount" : 30, "revenue" : 312695348.10, "unitsSold" : 6932, "avgPrice" : 49753.85, "avgRating" : 3.60, "marketShare" : 2.47, "rank" : 18}, {"category" : "Gardening", "productCount" : 25, "revenue" : 262092149.00, "unitsSold" : 5715, "avgPrice" : 50929.40, "avgRating" : 2.83, "marketShare" : 2.07, "rank" : 19}, {"category" : "Books", "productCount" : 25, "revenue" : 258431126.63, "unitsSold" : 5873, "avgPrice" : 49769.30, "avgRating" : 3.00, "marketShare" : 2.04, "rank" : 20}]
