[{"ageGroup" : "55+", "gender" : "F", "customerCount" : 3033, "totalRevenue" : 4462694228.10, "avgRevenue" : 1471379.57, "pctOfCustomers" : 11.47, "pctOfRevenue" : 11.77}, {"ageGroup" : "55+", "gender" : "M", "customerCount" : 3042, "totalRevenue" : 4374571386.80, "avgRevenue" : 1438057.66, "pctOfCustomers" : 11.51, "pctOfRevenue" : 11.54}, {"ageGroup" : "45-54", "gender" : "M", "customerCount" : 2766, "totalRevenue" : 3996805688.85, "avgRevenue" : 1444976.75, "pctOfCustomers" : 10.46, "pctOfRevenue" : 10.54}, {"ageGroup" : "35-44", "gender" : "F", "customerCount" : 2838, "totalRevenue" : 3989567678.60, "avgRevenue" : 1405767.33, "pctOfCustomers" : 10.73, "pctOfRevenue" : 10.52}, {"ageGroup" : "25-34", "gender" : "F", "customerCount" : 2719, "totalRevenue" : 3939588367.94, "avgRevenue" : 1448910.76, "pctOfCustomers" : 10.28, "pctOfRevenue" : 10.39}, {"ageGroup" : "25-34", "gender" : "M", "customerCount" : 2708, "totalRevenue" : 3921492694.88, "avgRevenue" : 1448113.99, "pctOfCustomers" : 10.24, "pctOfRevenue" : 10.34}, {"ageGroup" : "35-44", "gender" : "M", "customerCount" : 2741, "totalRevenue" : 3880180525.65, "avgRevenue" : 1415607.63, "pctOfCustomers" : 10.37, "pctOfRevenue" : 10.23}, {"ageGroup" : "45-54", "gender" : "F", "customerCount" : 2761, "totalRevenue" : 3864591905.51, "avgRevenue" : 1399707.32, "pctOfCustomers" : 10.44, "pctOfRevenue" : 10.19}, {"ageGroup" : "18-24", "gender" : "M", "customerCount" : 1922, "totalRevenue" : 2808499914.77, "avgRevenue" : 1461238.25, "pctOfCustomers" : 7.27, "pctOfRevenue" : 7.41}, {"ageGroup" : "18-24", "gender" : "F", "customerCount" : 1908, "totalRevenue" : 2683048063.07, "avgRevenue" : 1406209.68, "pctOfCustomers" : 7.22, "pctOfRevenue" : 7.08}]
