[{"state" : "Uttar Pradesh", "city" : "Noida", "customerCount" : 427, "totalOrders" : 606, "totalRevenue" : 641869235.78, "avgOrderValue" : 358270.73, "revenuePerCustomer" : 1503206.64, "rank" : 1}, {"state" : "Maharashtra", "city" : "Nashik", "customerCount" : 410, "totalOrders" : 592, "totalRevenue" : 639023172.88, "avgOrderValue" : 359096.09, "revenuePerCustomer" : 1558593.10, "rank" : 2}, {"state" : "Punjab", "city" : "Amritsar", "customerCount" : 420, "totalOrders" : 611, "totalRevenue" : 631840683.83, "avgOrderValue" : 354993.79, "revenuePerCustomer" : 1504382.58, "rank" : 3}, {"state" : "Punjab", "city" : "Chandigarh", "customerCount" : 390, "totalOrders" : 552, "totalRevenue" : 611168721.14, "avgOrderValue" : 375042.77, "revenuePerCustomer" : 1567099.28, "rank" : 4}, {"state" : "Rajasthan", "city" : "Jaipur", "customerCount" : 421, "totalOrders" : 593, "totalRevenue" : 603102614.86, "avgOrderValue" : 343941.51, "revenuePerCustomer" : 1432547.78, "rank" : 5}, {"state" : "Bihar", "city" : "Gaya", "customerCount" : 408, "totalOrders" : 582, "totalRevenue" : 602683625.74, "avgOrderValue" : 362999.15, "revenuePerCustomer" : 1477165.75, "rank" : 6}, {"state" : "Bihar", "city" : "Muzaffarpur", "customerCount" : 397, "totalOrders" : 578, "totalRevenue" : 602416307.04, "avgOrderValue" : 355639.23, "revenuePerCustomer" : 1517421.43, "rank" : 7}, {"state" : "Uttarakhand", "city" : "Dehradun", "customerCount" : 388, "totalOrders" : 561, "totalRevenue" : 598670091.11, "avgOrderValue" : 365959.81, "revenuePerCustomer" : 1542964.15, "rank" : 8}, {"state" : "Tamil Nadu", "city" : "Madurai", "customerCount" : 381, "totalOrders" : 550, "totalRevenue" : 596508278.55, "avgOrderValue" : 359384.75, "revenuePerCustomer" : 1565638.53, "rank" : 9}, {"state" : "Uttar Pradesh", "city" : "Prayagraj", "customerCount" : 396, "totalOrders" : 577, "totalRevenue" : 595000490.51, "avgOrderValue" : 345877.33, "revenuePerCustomer" : 1502526.49, "rank" : 10}, {"state" : "Andaman and Nicobar Islands", "city" : "Port Blair", "customerCount" : 392, "totalOrders" : 561, "totalRevenue" : 585179221.39, "avgOrderValue" : 361122.71, "revenuePerCustomer" : 1492804.14, "rank" : 11}, {"state" : "Gujarat", "city" : "Vadodara", "customerCount" : 414, "totalOrders" : 587, "totalRevenue" : 584111493.50, "avgOrderValue" : 339536.89, "revenuePerCustomer" : 1410897.33, "rank" : 12}, {"state" : "Delhi", "city" : "Delhi", "customerCount" : 380, "totalOrders" : 567, "totalRevenue" : 583337675.14, "avgOrderValue" : 357546.75, "revenuePerCustomer" : 1535099.15, "rank" : 13}, {"state" : "Maharashtra", "city" : "Thane", "customerCount" : 387, "totalOrders" : 549, "totalRevenue" : 572685301.37, "avgOrderValue" : 356028.13, "revenuePerCustomer" : 1479806.98, "rank" : 14}, {"state" : "Odisha", "city" : "Bhubaneswar", "customerCount" : 377, "totalOrders" : 548, "totalRevenue" : 567378484.50, "avgOrderValue" : 346864.94, "revenuePerCustomer" : 1504982.72, "rank" : 15}, {"state" : "Karnataka", "city" : "Bengaluru", "customerCount" : 375, "totalOrders" : 544, "totalRevenue" : 566210241.47, "avgOrderValue" : 352055.52, "revenuePerCustomer" : 1509893.98, "rank" : 16}, {"state" : "Odisha", "city" : "Rourkela", "customerCount" : 390, "totalOrders" : 565, "totalRevenue" : 565042945.05, "avgOrderValue" : 342010.44, "revenuePerCustomer" : 1448828.06, "rank" : 17}, {"state" : "Telangana", "city" : "Karimnagar", "customerCount" : 405, "totalOrders" : 557, "totalRevenue" : 564401062.23, "avgOrderValue" : 342040.91, "revenuePerCustomer" : 1393582.87, "rank" : 18}, {"state" : "Tripura", "city" : "Agartala", "customerCount" : 391, "totalOrders" : 541, "totalRevenue" : 562047689.66, "avgOrderValue" : 354222.07, "revenuePerCustomer" : 1437462.12, "rank" : 19}, {"state" : "Uttar Pradesh", "city" : "Agra", "customerCount" : 388, "totalOrders" : 555, "totalRevenue" : 558200754.60, "avgOrderValue" : 345864.39, "revenuePerCustomer" : 1438661.74, "rank" : 20}, {"state" : "Gujarat", "city" : "Rajkot", "customerCount" : 388, "totalOrders" : 567, "totalRevenue" : 556775282.54, "avgOrderValue" : 343362.39, "revenuePerCustomer" : 1434987.84, "rank" : 21}, {"state" : "Gujarat", "city" : "Gandhinagar", "customerCount" : 372, "totalOrders" : 529, "totalRevenue" : 552482132.11, "avgOrderValue" : 360786.63, "revenuePerCustomer" : 1485167.02, "rank" : 22}, {"state" : "Madhya Pradesh", "city" : "Bhopal", "customerCount" : 396, "totalOrders" : 571, "totalRevenue" : 552450038.64, "avgOrderValue" : 338408.92, "revenuePerCustomer" : 1395075.86, "rank" : 23}, {"state" : "Bihar", "city" : "Patna", "customerCount" : 383, "totalOrders" : 541, "totalRevenue" : 551367855.57, "avgOrderValue" : 360725.69, "revenuePerCustomer" : 1439602.76, "rank" : 24}, {"state" : "Jammu & Kashmir", "city" : "Srinagar", "customerCount" : 391, "totalOrders" : 568, "totalRevenue" : 550883370.36, "avgOrderValue" : 341390.88, "revenuePerCustomer" : 1408908.88, "rank" : 25}, {"state" : "Uttar Pradesh", "city" : "Lucknow", "customerCount" : 365, "totalOrders" : 542, "totalRevenue" : 549872205.77, "avgOrderValue" : 357177.96, "revenuePerCustomer" : 1506499.19, "rank" : 26}, {"state" : "Maharashtra", "city" : "Pune", "customerCount" : 389, "totalOrders" : 548, "totalRevenue" : 548755682.13, "avgOrderValue" : 340942.45, "revenuePerCustomer" : 1410682.99, "rank" : 27}, {"state" : "Maharashtra", "city" : "Mumbai", "customerCount" : 365, "totalOrders" : 529, "totalRevenue" : 547262728.97, "avgOrderValue" : 351457.81, "revenuePerCustomer" : 1499349.94, "rank" : 28}, {"state" : "Punjab", "city" : "Patiala", "customerCount" : 382, "totalOrders" : 552, "totalRevenue" : 546217953.28, "avgOrderValue" : 345856.43, "revenuePerCustomer" : 1429889.93, "rank" : 29}, {"state" : "West Bengal", "city" : "Kolkata", "customerCount" : 384, "totalOrders" : 520, "totalRevenue" : 545711942.75, "avgOrderValue" : 346619.88, "revenuePerCustomer" : 1421124.85, "rank" : 30}, {"state" : "West Bengal", "city" : "Howrah", "customerCount" : 359, "totalOrders" : 525, "totalRevenue" : 544301284.54, "avgOrderValue" : 361175.67, "revenuePerCustomer" : 1516159.57, "rank" : 31}, {"state" : "Gujarat", "city" : "Surat", "customerCount" : 395, "totalOrders" : 568, "totalRevenue" : 543668097.34, "avgOrderValue" : 346845.61, "revenuePerCustomer" : 1376374.93, "rank" : 32}, {"state" : "Tamil Nadu", "city" : "Erode", "customerCount" : 368, "totalOrders" : 532, "totalRevenue" : 542769325.87, "avgOrderValue" : 351033.20, "revenuePerCustomer" : 1474916.65, "rank" : 33}, {"state" : "Tamil Nadu", "city" : "Salem", "customerCount" : 395, "totalOrders" : 552, "totalRevenue" : 542018848.74, "avgOrderValue" : 344696.15, "revenuePerCustomer" : 1372199.62, "rank" : 34}, {"state" : "Odisha", "city" : "Cuttack", "customerCount" : 368, "totalOrders" : 523, "totalRevenue" : 541196351.13, "avgOrderValue" : 366753.05, "revenuePerCustomer" : 1470642.26, "rank" : 35}, {"state" : "Meghalaya", "city" : "Shillong", "customerCount" : 357, "totalOrders" : 521, "totalRevenue" : 539763198.51, "avgOrderValue" : 358833.78, "revenuePerCustomer" : 1511941.73, "rank" : 36}, {"state" : "Madhya Pradesh", "city" : "Gwalior", "customerCount" : 366, "totalOrders" : 535, "totalRevenue" : 538746803.65, "avgOrderValue" : 347825.79, "revenuePerCustomer" : 1471985.80, "rank" : 37}, {"state" : "West Bengal", "city" : "Siliguri", "customerCount" : 380, "totalOrders" : 540, "totalRevenue" : 538229337.28, "avgOrderValue" : 344052.23, "revenuePerCustomer" : 1416392.99, "rank" : 38}, {"state" : "Madhya Pradesh", "city" : "Indore", "customerCount" : 386, "totalOrders" : 545, "totalRevenue" : 534506445.40, "avgOrderValue" : 343204.10, "revenuePerCustomer" : 1384731.72, "rank" : 39}, {"state" : "Punjab", "city" : "Ludhiana", "customerCount" : 379, "totalOrders" : 539, "totalRevenue" : 534213257.72, "avgOrderValue" : 339975.72, "revenuePerCustomer" : 1409533.66, "rank" : 40}, {"state" : "Himachal Pradesh", "city" : "Shimla", "customerCount" : 396, "totalOrders" : 544, "totalRevenue" : 531289467.32, "avgOrderValue" : 336924.46, "revenuePerCustomer" : 1341640.07, "rank" : 41}, {"state" : "Rajasthan", "city" : "Kota", "customerCount" : 391, "totalOrders" : 548, "totalRevenue" : 529792218.97, "avgOrderValue" : 340665.21, "revenuePerCustomer" : 1354967.31, "rank" : 42}, {"state" : "Uttar Pradesh", "city" : "Meerut", "customerCount" : 376, "totalOrders" : 514, "totalRevenue" : 527886839.81, "avgOrderValue" : 344697.00, "revenuePerCustomer" : 1403954.36, "rank" : 43}, {"state" : "Jharkhand", "city" : "Jamshedpur", "customerCount" : 360, "totalOrders" : 508, "totalRevenue" : 525927384.85, "avgOrderValue" : 356967.43, "revenuePerCustomer" : 1460909.40, "rank" : 44}, {"state" : "Maharashtra", "city" : "Nagpur", "customerCount" : 393, "totalOrders" : 540, "totalRevenue" : 525180228.14, "avgOrderValue" : 349682.14, "revenuePerCustomer" : 1336336.46, "rank" : 45}, {"state" : "Chhattisgarh", "city" : "Bilaspur", "customerCount" : 360, "totalOrders" : 513, "totalRevenue" : 524164333.65, "avgOrderValue" : 356693.47, "revenuePerCustomer" : 1456012.04, "rank" : 46}, {"state" : "Karnataka", "city" : "Mysuru", "customerCount" : 376, "totalOrders" : 547, "totalRevenue" : 524050048.61, "avgOrderValue" : 329056.87, "revenuePerCustomer" : 1393750.13, "rank" : 47}, {"state" : "Telangana", "city" : "Hyderabad", "customerCount" : 357, "totalOrders" : 505, "totalRevenue" : 524033551.11, "avgOrderValue" : 350132.86, "revenuePerCustomer" : 1467881.10, "rank" : 48}, {"state" : "Karnataka", "city" : "Mangalore", "customerCount" : 382, "totalOrders" : 508, "totalRevenue" : 520168666.49, "avgOrderValue" : 344455.15, "revenuePerCustomer" : 1361698.08, "rank" : 49}, {"state" : "Tamil Nadu", "city" : "Trichy", "customerCount" : 364, "totalOrders" : 505, "totalRevenue" : 519123340.48, "avgOrderValue" : 351958.57, "revenuePerCustomer" : 1426163.02, "rank" : 50}, {"state" : "Chhattisgarh", "city" : "Raipur", "customerCount" : 356, "totalOrders" : 500, "totalRevenue" : 518476621.19, "avgOrderValue" : 352258.97, "revenuePerCustomer" : 1456395.00, "rank" : 51}, {"state" : "Odisha", "city" : "Puri", "customerCount" : 348, "totalOrders" : 481, "totalRevenue" : 517383225.48, "avgOrderValue" : 364199.83, "revenuePerCustomer" : 1486733.41, "rank" : 52}, {"state" : "Rajasthan", "city" : "Udaipur", "customerCount" : 371, "totalOrders" : 532, "totalRevenue" : 517031395.39, "avgOrderValue" : 339807.71, "revenuePerCustomer" : 1393615.62, "rank" : 53}, {"state" : "Karnataka", "city" : "Udupi", "customerCount" : 382, "totalOrders" : 526, "totalRevenue" : 516986699.38, "avgOrderValue" : 345255.58, "revenuePerCustomer" : 1353368.32, "rank" : 54}, {"state" : "Tamil Nadu", "city" : "Chennai", "customerCount" : 399, "totalOrders" : 540, "totalRevenue" : 514126293.12, "avgOrderValue" : 328744.66, "revenuePerCustomer" : 1288537.08, "rank" : 55}, {"state" : "Delhi", "city" : "New Delhi", "customerCount" : 376, "totalOrders" : 537, "totalRevenue" : 513770508.40, "avgOrderValue" : 331700.30, "revenuePerCustomer" : 1366410.93, "rank" : 56}, {"state" : "Goa", "city" : "Panaji", "customerCount" : 378, "totalOrders" : 523, "totalRevenue" : 513208856.82, "avgOrderValue" : 340505.24, "revenuePerCustomer" : 1357695.39, "rank" : 57}, {"state" : "Uttar Pradesh", "city" : "Varanasi", "customerCount" : 367, "totalOrders" : 540, "totalRevenue" : 512156648.90, "avgOrderValue" : 339189.87, "revenuePerCustomer" : 1395522.20, "rank" : 58}, {"state" : "Uttar Pradesh", "city" : "Kanpur", "customerCount" : 367, "totalOrders" : 536, "totalRevenue" : 507303466.83, "avgOrderValue" : 335286.70, "revenuePerCustomer" : 1382298.27, "rank" : 59}, {"state" : "Ladakh", "city" : "Leh", "customerCount" : 382, "totalOrders" : 553, "totalRevenue" : 506677691.37, "avgOrderValue" : 333269.25, "revenuePerCustomer" : 1326381.39, "rank" : 60}, {"state" : "Tamil Nadu", "city" : "Coimbatore", "customerCount" : 366, "totalOrders" : 517, "totalRevenue" : 503068971.92, "avgOrderValue" : 347934.39, "revenuePerCustomer" : 1374505.39, "rank" : 61}, {"state" : "Jharkhand", "city" : "Dhanbad", "customerCount" : 356, "totalOrders" : 515, "totalRevenue" : 500052329.13, "avgOrderValue" : 337793.15, "revenuePerCustomer" : 1404641.37, "rank" : 62}, {"state" : "Assam", "city" : "Guwahati", "customerCount" : 341, "totalOrders" : 484, "totalRevenue" : 488587871.86, "avgOrderValue" : 351535.59, "revenuePerCustomer" : 1432809.01, "rank" : 63}, {"state" : "Manipur", "city" : "Imphal", "customerCount" : 350, "totalOrders" : 502, "totalRevenue" : 481935340.70, "avgOrderValue" : 332252.31, "revenuePerCustomer" : 1376958.12, "rank" : 64}, {"state" : "Jharkhand", "city" : "Ranchi", "customerCount" : 334, "totalOrders" : 504, "totalRevenue" : 479135492.03, "avgOrderValue" : 338106.82, "revenuePerCustomer" : 1434537.40, "rank" : 65}, {"state" : "Telangana", "city" : "Warangal", "customerCount" : 353, "totalOrders" : 500, "totalRevenue" : 474840106.99, "avgOrderValue" : 334960.62, "revenuePerCustomer" : 1345156.11, "rank" : 66}, {"state" : "Uttarakhand", "city" : "Haridwar", "customerCount" : 363, "totalOrders" : 512, "totalRevenue" : 473462148.06, "avgOrderValue" : 328686.56, "revenuePerCustomer" : 1304303.44, "rank" : 67}, {"state" : "Mizoram", "city" : "Aizawl", "customerCount" : 331, "totalOrders" : 476, "totalRevenue" : 471328679.38, "avgOrderValue" : 343437.72, "revenuePerCustomer" : 1423953.71, "rank" : 68}, {"state" : "Rajasthan", "city" : "Jodhpur", "customerCount" : 318, "totalOrders" : 443, "totalRevenue" : 464641996.43, "avgOrderValue" : 350376.68, "revenuePerCustomer" : 1461138.35, "rank" : 69}, {"state" : "Gujarat", "city" : "Ahmedabad", "customerCount" : 340, "totalOrders" : 479, "totalRevenue" : 463179798.71, "avgOrderValue" : 342528.08, "revenuePerCustomer" : 1362293.53, "rank" : 70}]
