[{"segment" : "Potential Loyalists", "customerCount" : 13041, "totalRevenue" : 3928555352.68, "avgRecencyDays" : 258, "avgFrequency" : 1.1, "avgMonetary" : 301246.48, "recommendedAction" : "Win Back - Special discount, reach out"}, {"segment" : "Champions", "customerCount" : 3765, "totalRevenue" : 3578412494.39, "avgRecencyDays" : 90, "avgFrequency" : 2.4, "avgMonetary" : 950441.57, "recommendedAction" : "Reward - Exclusive offers & early access"}, {"segment" : "Hibernating", "customerCount" : 3957, "totalRevenue" : 2116255624.73, "avgRecencyDays" : 483, "avgFrequency" : 1.0, "avgMonetary" : 534813.15, "recommendedAction" : "Reactivate - Strong offer to return"}, {"segment" : "Big Spenders", "customerCount" : 1366, "totalRevenue" : 1243666442.06, "avgRecencyDays" : 260, "avgFrequency" : 2.3, "avgMonetary" : 910443.95, "recommendedAction" : "Engage - Regular communication"}, {"segment" : "At Risk - High Value", "customerCount" : 1331, "totalRevenue" : 1144273319.02, "avgRecencyDays" : 421, "avgFrequency" : 2.2, "avgMonetary" : 859709.48, "recommendedAction" : "Win Back - Special discount, reach out"}, {"segment" : "Loyal Customers", "customerCount" : 700, "totalRevenue" : 291164837.20, "avgRecencyDays" : 93, "avgFrequency" : 2.1, "avgMonetary" : 415949.77, "recommendedAction" : "Reward - Exclusive offers & early access"}, {"segment" : "Lost", "customerCount" : 1215, "totalRevenue" : 126074796.67, "avgRecencyDays" : 481, "avgFrequency" : 1.0, "avgMonetary" : 103765.26, "recommendedAction" : "Last Chance - Deep discount or let go"}, {"segment" : "At Risk", "customerCount" : 303, "totalRevenue" : 124565190.98, "avgRecencyDays" : 427, "avgFrequency" : 2.0, "avgMonetary" : 411106.24, "recommendedAction" : "Win Back - Special discount, reach out"}, {"segment" : "Recent Customers", "customerCount" : 760, "totalRevenue" : 91650651.62, "avgRecencyDays" : 99, "avgFrequency" : 1.0, "avgMonetary" : 120592.96, "recommendedAction" : "Nurture - Onboarding, product education"}]
