[{"storeName" : "RetailMart Chennai #186", "city" : "Chennai", "region" : "Central", "employees" : 27, "totalPayroll" : 2075213.00, "avgSalary" : 76859.74}, {"storeName" : "RetailMart Bhubaneswar #134", "city" : "Bhubaneswar", "region" : "Central", "employees" : 27, "totalPayroll" : 1863015.00, "avgSalary" : 69000.56}, {"storeName" : "RetailMart Trichy #117", "city" : "Trichy", "region" : "Central", "employees" : 24, "totalPayroll" : 1828218.00, "avgSalary" : 76175.75}, {"storeName" : "RetailMart Hyderabad #166", "city" : "Hyderabad", "region" : "North", "employees" : 24, "totalPayroll" : 1732373.00, "avgSalary" : 72182.21}, {"storeName" : "RetailMart Nashik #188", "city" : "Nashik", "region" : "South", "employees" : 23, "totalPayroll" : 1648112.00, "avgSalary" : 71657.04}, {"storeName" : "RetailMart Nagpur #196", "city" : "Nagpur", "region" : "Central", "employees" : 23, "totalPayroll" : 1621648.00, "avgSalary" : 70506.43}, {"storeName" : "RetailMart Amritsar #163", "city" : "Amritsar", "region" : "East", "employees" : 20, "totalPayroll" : 1610198.00, "avgSalary" : 80509.90}, {"storeName" : "RetailMart Jaipur #30", "city" : "Jaipur", "region" : "Central", "employees" : 22, "totalPayroll" : 1607156.00, "avgSalary" : 73052.55}, {"storeName" : "RetailMart Thane #154", "city" : "Thane", "region" : "West", "employees" : 21, "totalPayroll" : 1577610.00, "avgSalary" : 75124.29}, {"storeName" : "RetailMart Varanasi #38", "city" : "Varanasi", "region" : "Central", "employees" : 20, "totalPayroll" : 1555542.00, "avgSalary" : 77777.10}, {"storeName" : "RetailMart Ahmedabad #32", "city" : "Ahmedabad", "region" : "Central", "employees" : 20, "totalPayroll" : 1543168.00, "avgSalary" : 77158.40}, {"storeName" : "RetailMart Siliguri #197", "city" : "Siliguri", "region" : "West", "employees" : 22, "totalPayroll" : 1456583.00, "avgSalary" : 66208.32}, {"storeName" : "RetailMart Chennai #156", "city" : "Chennai", "region" : "North", "employees" : 21, "totalPayroll" : 1440606.00, "avgSalary" : 68600.29}, {"storeName" : "RetailMart Ahmedabad #107", "city" : "Ahmedabad", "region" : "South", "employees" : 19, "totalPayroll" : 1428209.00, "avgSalary" : 75168.89}, {"storeName" : "RetailMart Dehradun #28", "city" : "Dehradun", "region" : "West", "employees" : 20, "totalPayroll" : 1424906.00, "avgSalary" : 71245.30}, {"storeName" : "RetailMart Shillong #158", "city" : "Shillong", "region" : "North", "employees" : 18, "totalPayroll" : 1424305.00, "avgSalary" : 79128.06}, {"storeName" : "RetailMart Dhanbad #79", "city" : "Dhanbad", "region" : "West", "employees" : 20, "totalPayroll" : 1419690.00, "avgSalary" : 70984.50}, {"storeName" : "RetailMart Bengaluru #174", "city" : "Bengaluru", "region" : "Central", "employees" : 19, "totalPayroll" : 1414234.00, "avgSalary" : 74433.37}, {"storeName" : "RetailMart Ahmedabad #143", "city" : "Ahmedabad", "region" : "South", "employees" : 18, "totalPayroll" : 1408480.00, "avgSalary" : 78248.89}, {"storeName" : "RetailMart Cuttack #97", "city" : "Cuttack", "region" : "South", "employees" : 20, "totalPayroll" : 1391866.00, "avgSalary" : 69593.30}, {"storeName" : "RetailMart Pune #31", "city" : "Pune", "region" : "South", "employees" : 19, "totalPayroll" : 1388478.00, "avgSalary" : 73077.79}, {"storeName" : "RetailMart Ludhiana #136", "city" : "Ludhiana", "region" : "Central", "employees" : 21, "totalPayroll" : 1387115.00, "avgSalary" : 66053.10}, {"storeName" : "RetailMart Patiala #37", "city" : "Patiala", "region" : "East", "employees" : 21, "totalPayroll" : 1375330.00, "avgSalary" : 65491.90}, {"storeName" : "RetailMart Ahmedabad #42", "city" : "Ahmedabad", "region" : "East", "employees" : 16, "totalPayroll" : 1369089.00, "avgSalary" : 85568.06}, {"storeName" : "RetailMart Jodhpur #152", "city" : "Jodhpur", "region" : "West", "employees" : 17, "totalPayroll" : 1367156.00, "avgSalary" : 80420.94}, {"storeName" : "RetailMart Kolkata #116", "city" : "Kolkata", "region" : "Central", "employees" : 20, "totalPayroll" : 1366727.00, "avgSalary" : 68336.35}, {"storeName" : "RetailMart Kanpur #81", "city" : "Kanpur", "region" : "East", "employees" : 18, "totalPayroll" : 1365323.00, "avgSalary" : 75851.28}, {"storeName" : "RetailMart Delhi #53", "city" : "Delhi", "region" : "North", "employees" : 20, "totalPayroll" : 1350728.00, "avgSalary" : 67536.40}, {"storeName" : "RetailMart Pune #52", "city" : "Pune", "region" : "East", "employees" : 21, "totalPayroll" : 1350152.00, "avgSalary" : 64292.95}, {"storeName" : "RetailMart Ludhiana #173", "city" : "Ludhiana", "region" : "East", "employees" : 20, "totalPayroll" : 1344703.00, "avgSalary" : 67235.15}, {"storeName" : "RetailMart Rourkela #98", "city" : "Rourkela", "region" : "North", "employees" : 18, "totalPayroll" : 1338187.00, "avgSalary" : 74343.72}, {"storeName" : "RetailMart Bengaluru #148", "city" : "Bengaluru", "region" : "North", "employees" : 19, "totalPayroll" : 1334668.00, "avgSalary" : 70245.68}, {"storeName" : "RetailMart Srinagar #192", "city" : "Srinagar", "region" : "East", "employees" : 20, "totalPayroll" : 1331236.00, "avgSalary" : 66561.80}, {"storeName" : "RetailMart Agra #84", "city" : "Agra", "region" : "East", "employees" : 19, "totalPayroll" : 1310557.00, "avgSalary" : 68976.68}, {"storeName" : "RetailMart Erode #94", "city" : "Erode", "region" : "Central", "employees" : 19, "totalPayroll" : 1294398.00, "avgSalary" : 68126.21}, {"storeName" : "RetailMart New Delhi #111", "city" : "New Delhi", "region" : "Central", "employees" : 16, "totalPayroll" : 1287685.00, "avgSalary" : 80480.31}, {"storeName" : "RetailMart Meerut #130", "city" : "Meerut", "region" : "East", "employees" : 18, "totalPayroll" : 1283472.00, "avgSalary" : 71304.00}, {"storeName" : "RetailMart Lucknow #164", "city" : "Lucknow", "region" : "Central", "employees" : 16, "totalPayroll" : 1274570.00, "avgSalary" : 79660.63}, {"storeName" : "RetailMart Amritsar #142", "city" : "Amritsar", "region" : "South", "employees" : 19, "totalPayroll" : 1273241.00, "avgSalary" : 67012.68}, {"storeName" : "RetailMart Delhi #82", "city" : "Delhi", "region" : "East", "employees" : 16, "totalPayroll" : 1263194.00, "avgSalary" : 78949.63}, {"storeName" : "RetailMart Jamshedpur #17", "city" : "Jamshedpur", "region" : "North", "employees" : 19, "totalPayroll" : 1259483.00, "avgSalary" : 66288.58}, {"storeName" : "RetailMart Amritsar #165", "city" : "Amritsar", "region" : "North", "employees" : 17, "totalPayroll" : 1248376.00, "avgSalary" : 73433.88}, {"storeName" : "RetailMart Erode #149", "city" : "Erode", "region" : "North", "employees" : 19, "totalPayroll" : 1246318.00, "avgSalary" : 65595.68}, {"storeName" : "RetailMart Bhubaneswar #65", "city" : "Bhubaneswar", "region" : "West", "employees" : 16, "totalPayroll" : 1235105.00, "avgSalary" : 77194.06}, {"storeName" : "RetailMart Bhubaneswar #194", "city" : "Bhubaneswar", "region" : "Central", "employees" : 15, "totalPayroll" : 1226640.00, "avgSalary" : 81776.00}, {"storeName" : "RetailMart Delhi #89", "city" : "Delhi", "region" : "Central", "employees" : 16, "totalPayroll" : 1224433.00, "avgSalary" : 76527.06}, {"storeName" : "RetailMart Jodhpur #19", "city" : "Jodhpur", "region" : "Central", "employees" : 17, "totalPayroll" : 1223067.00, "avgSalary" : 71945.12}, {"storeName" : "RetailMart Puri #25", "city" : "Puri", "region" : "Central", "employees" : 15, "totalPayroll" : 1217487.00, "avgSalary" : 81165.80}, {"storeName" : "RetailMart Imphal #133", "city" : "Imphal", "region" : "North", "employees" : 19, "totalPayroll" : 1216832.00, "avgSalary" : 64043.79}, {"storeName" : "RetailMart Patna #92", "city" : "Patna", "region" : "West", "employees" : 18, "totalPayroll" : 1213857.00, "avgSalary" : 67436.50}, {"storeName" : "RetailMart Aizawl #55", "city" : "Aizawl", "region" : "West", "employees" : 18, "totalPayroll" : 1207798.00, "avgSalary" : 67099.89}, {"storeName" : "RetailMart Kanpur #85", "city" : "Kanpur", "region" : "West", "employees" : 17, "totalPayroll" : 1207125.00, "avgSalary" : 71007.35}, {"storeName" : "RetailMart Surat #181", "city" : "Surat", "region" : "North", "employees" : 18, "totalPayroll" : 1202953.00, "avgSalary" : 66830.72}, {"storeName" : "RetailMart Noida #27", "city" : "Noida", "region" : "East", "employees" : 17, "totalPayroll" : 1201832.00, "avgSalary" : 70696.00}, {"storeName" : "RetailMart Salem #12", "city" : "Salem", "region" : "West", "employees" : 16, "totalPayroll" : 1196929.00, "avgSalary" : 74808.06}, {"storeName" : "RetailMart Gandhinagar #77", "city" : "Gandhinagar", "region" : "Central", "employees" : 17, "totalPayroll" : 1196312.00, "avgSalary" : 70371.29}, {"storeName" : "RetailMart Amritsar #36", "city" : "Amritsar", "region" : "West", "employees" : 16, "totalPayroll" : 1187051.00, "avgSalary" : 74190.69}, {"storeName" : "RetailMart Ahmedabad #127", "city" : "Ahmedabad", "region" : "North", "employees" : 17, "totalPayroll" : 1184907.00, "avgSalary" : 69700.41}, {"storeName" : "RetailMart Karimnagar #125", "city" : "Karimnagar", "region" : "Central", "employees" : 17, "totalPayroll" : 1184877.00, "avgSalary" : 69698.65}, {"storeName" : "RetailMart Dhanbad #118", "city" : "Dhanbad", "region" : "Central", "employees" : 20, "totalPayroll" : 1180547.00, "avgSalary" : 59027.35}, {"storeName" : "RetailMart Meerut #29", "city" : "Meerut", "region" : "Central", "employees" : 17, "totalPayroll" : 1176987.00, "avgSalary" : 69234.53}, {"storeName" : "RetailMart Bilaspur #115", "city" : "Bilaspur", "region" : "Central", "employees" : 18, "totalPayroll" : 1166131.00, "avgSalary" : 64785.06}, {"storeName" : "RetailMart Dehradun #126", "city" : "Dehradun", "region" : "Central", "employees" : 16, "totalPayroll" : 1165123.00, "avgSalary" : 72820.19}, {"storeName" : "RetailMart Udaipur #91", "city" : "Udaipur", "region" : "Central", "employees" : 18, "totalPayroll" : 1157756.00, "avgSalary" : 64319.78}, {"storeName" : "RetailMart Mysuru #101", "city" : "Mysuru", "region" : "North", "employees" : 15, "totalPayroll" : 1156357.00, "avgSalary" : 77090.47}, {"storeName" : "RetailMart Dehradun #11", "city" : "Dehradun", "region" : "East", "employees" : 14, "totalPayroll" : 1152098.00, "avgSalary" : 82292.71}, {"storeName" : "RetailMart Port Blair #63", "city" : "Port Blair", "region" : "Central", "employees" : 18, "totalPayroll" : 1150835.00, "avgSalary" : 63935.28}, {"storeName" : "RetailMart Shillong #145", "city" : "Shillong", "region" : "South", "employees" : 15, "totalPayroll" : 1150647.00, "avgSalary" : 76709.80}, {"storeName" : "RetailMart Pune #93", "city" : "Pune", "region" : "North", "employees" : 17, "totalPayroll" : 1147163.00, "avgSalary" : 67480.18}, {"storeName" : "RetailMart Panaji #78", "city" : "Panaji", "region" : "Central", "employees" : 17, "totalPayroll" : 1142493.00, "avgSalary" : 67205.47}, {"storeName" : "RetailMart Salem #69", "city" : "Salem", "region" : "North", "employees" : 16, "totalPayroll" : 1138165.00, "avgSalary" : 71135.31}, {"storeName" : "RetailMart Panaji #183", "city" : "Panaji", "region" : "Central", "employees" : 16, "totalPayroll" : 1133625.00, "avgSalary" : 70851.56}, {"storeName" : "RetailMart Hyderabad #5", "city" : "Hyderabad", "region" : "South", "employees" : 15, "totalPayroll" : 1129122.00, "avgSalary" : 75274.80}, {"storeName" : "RetailMart Udaipur #121", "city" : "Udaipur", "region" : "South", "employees" : 15, "totalPayroll" : 1123620.00, "avgSalary" : 74908.00}, {"storeName" : "RetailMart Gandhinagar #20", "city" : "Gandhinagar", "region" : "South", "employees" : 17, "totalPayroll" : 1121226.00, "avgSalary" : 65954.47}, {"storeName" : "RetailMart Chennai #33", "city" : "Chennai", "region" : "Central", "employees" : 17, "totalPayroll" : 1116193.00, "avgSalary" : 65658.41}, {"storeName" : "RetailMart Gandhinagar #187", "city" : "Gandhinagar", "region" : "South", "employees" : 16, "totalPayroll" : 1115071.00, "avgSalary" : 69691.94}, {"storeName" : "RetailMart Jodhpur #49", "city" : "Jodhpur", "region" : "East", "employees" : 15, "totalPayroll" : 1114490.00, "avgSalary" : 74299.33}, {"storeName" : "RetailMart Karimnagar #75", "city" : "Karimnagar", "region" : "Central", "employees" : 14, "totalPayroll" : 1114017.00, "avgSalary" : 79572.64}, {"storeName" : "RetailMart Hyderabad #103", "city" : "Hyderabad", "region" : "West", "employees" : 19, "totalPayroll" : 1113486.00, "avgSalary" : 58604.53}, {"storeName" : "RetailMart Thane #54", "city" : "Thane", "region" : "North", "employees" : 18, "totalPayroll" : 1084105.00, "avgSalary" : 60228.06}, {"storeName" : "RetailMart Panaji #3", "city" : "Panaji", "region" : "North", "employees" : 14, "totalPayroll" : 1082436.00, "avgSalary" : 77316.86}, {"storeName" : "RetailMart Bhubaneswar #18", "city" : "Bhubaneswar", "region" : "Central", "employees" : 15, "totalPayroll" : 1078273.00, "avgSalary" : 71884.87}, {"storeName" : "RetailMart Dhanbad #135", "city" : "Dhanbad", "region" : "South", "employees" : 17, "totalPayroll" : 1077815.00, "avgSalary" : 63400.88}, {"storeName" : "RetailMart Varanasi #74", "city" : "Varanasi", "region" : "North", "employees" : 15, "totalPayroll" : 1070211.00, "avgSalary" : 71347.40}, {"storeName" : "RetailMart Ahmedabad #86", "city" : "Ahmedabad", "region" : "East", "employees" : 15, "totalPayroll" : 1060543.00, "avgSalary" : 70702.87}, {"storeName" : "RetailMart Trichy #153", "city" : "Trichy", "region" : "West", "employees" : 16, "totalPayroll" : 1059551.00, "avgSalary" : 66221.94}, {"storeName" : "RetailMart Ludhiana #159", "city" : "Ludhiana", "region" : "South", "employees" : 19, "totalPayroll" : 1058650.00, "avgSalary" : 55718.42}, {"storeName" : "RetailMart Delhi #2", "city" : "Delhi", "region" : "Central", "employees" : 17, "totalPayroll" : 1058281.00, "avgSalary" : 62251.82}, {"storeName" : "RetailMart Warangal #41", "city" : "Warangal", "region" : "South", "employees" : 18, "totalPayroll" : 1046948.00, "avgSalary" : 58163.78}, {"storeName" : "RetailMart Ranchi #113", "city" : "Ranchi", "region" : "South", "employees" : 17, "totalPayroll" : 1038028.00, "avgSalary" : 61060.47}, {"storeName" : "RetailMart Jodhpur #62", "city" : "Jodhpur", "region" : "Central", "employees" : 13, "totalPayroll" : 1036879.00, "avgSalary" : 79759.92}, {"storeName" : "RetailMart Srinagar #88", "city" : "Srinagar", "region" : "North", "employees" : 16, "totalPayroll" : 1032297.00, "avgSalary" : 64518.56}, {"storeName" : "RetailMart Coimbatore #102", "city" : "Coimbatore", "region" : "West", "employees" : 15, "totalPayroll" : 1030006.00, "avgSalary" : 68667.07}, {"storeName" : "RetailMart Warangal #177", "city" : "Warangal", "region" : "Central", "employees" : 16, "totalPayroll" : 1026885.00, "avgSalary" : 64180.31}, {"storeName" : "RetailMart Jodhpur #24", "city" : "Jodhpur", "region" : "Central", "employees" : 13, "totalPayroll" : 1026767.00, "avgSalary" : 78982.08}, {"storeName" : "RetailMart Cuttack #155", "city" : "Cuttack", "region" : "South", "employees" : 17, "totalPayroll" : 1024033.00, "avgSalary" : 60237.24}, {"storeName" : "RetailMart Rourkela #198", "city" : "Rourkela", "region" : "South", "employees" : 14, "totalPayroll" : 1020641.00, "avgSalary" : 72902.93}, {"storeName" : "RetailMart Kolkata #56", "city" : "Kolkata", "region" : "West", "employees" : 16, "totalPayroll" : 1012435.00, "avgSalary" : 63277.19}, {"storeName" : "RetailMart Imphal #161", "city" : "Imphal", "region" : "South", "employees" : 19, "totalPayroll" : 1012401.00, "avgSalary" : 53284.26}, {"storeName" : "RetailMart Rajkot #21", "city" : "Rajkot", "region" : "South", "employees" : 16, "totalPayroll" : 1000870.00, "avgSalary" : 62554.38}, {"storeName" : "RetailMart Kolkata #129", "city" : "Kolkata", "region" : "South", "employees" : 14, "totalPayroll" : 997998.00, "avgSalary" : 71285.57}, {"storeName" : "RetailMart Nagpur #57", "city" : "Nagpur", "region" : "North", "employees" : 13, "totalPayroll" : 996376.00, "avgSalary" : 76644.31}, {"storeName" : "RetailMart Udaipur #147", "city" : "Udaipur", "region" : "Central", "employees" : 18, "totalPayroll" : 993993.00, "avgSalary" : 55221.83}, {"storeName" : "RetailMart Dehradun #184", "city" : "Dehradun", "region" : "East", "employees" : 14, "totalPayroll" : 993481.00, "avgSalary" : 70962.93}, {"storeName" : "RetailMart Patna #178", "city" : "Patna", "region" : "Central", "employees" : 15, "totalPayroll" : 992454.00, "avgSalary" : 66163.60}, {"storeName" : "RetailMart Gaya #176", "city" : "Gaya", "region" : "West", "employees" : 14, "totalPayroll" : 991603.00, "avgSalary" : 70828.79}, {"storeName" : "RetailMart Mysuru #170", "city" : "Mysuru", "region" : "Central", "employees" : 14, "totalPayroll" : 990888.00, "avgSalary" : 70777.71}, {"storeName" : "RetailMart Varanasi #138", "city" : "Varanasi", "region" : "South", "employees" : 13, "totalPayroll" : 983511.00, "avgSalary" : 75654.69}, {"storeName" : "RetailMart Bhopal #168", "city" : "Bhopal", "region" : "Central", "employees" : 15, "totalPayroll" : 974380.00, "avgSalary" : 64958.67}, {"storeName" : "RetailMart Udaipur #172", "city" : "Udaipur", "region" : "West", "employees" : 14, "totalPayroll" : 973188.00, "avgSalary" : 69513.43}, {"storeName" : "RetailMart Patna #59", "city" : "Patna", "region" : "East", "employees" : 15, "totalPayroll" : 972867.00, "avgSalary" : 64857.80}, {"storeName" : "RetailMart Chennai #160", "city" : "Chennai", "region" : "North", "employees" : 16, "totalPayroll" : 970695.00, "avgSalary" : 60668.44}, {"storeName" : "RetailMart Srinagar #150", "city" : "Srinagar", "region" : "South", "employees" : 12, "totalPayroll" : 964540.00, "avgSalary" : 80378.33}, {"storeName" : "RetailMart Shimla #95", "city" : "Shimla", "region" : "Central", "employees" : 13, "totalPayroll" : 963432.00, "avgSalary" : 74110.15}, {"storeName" : "RetailMart Jodhpur #105", "city" : "Jodhpur", "region" : "Central", "employees" : 13, "totalPayroll" : 948750.00, "avgSalary" : 72980.77}, {"storeName" : "RetailMart Udaipur #112", "city" : "Udaipur", "region" : "East", "employees" : 12, "totalPayroll" : 945125.00, "avgSalary" : 78760.42}, {"storeName" : "RetailMart Dehradun #140", "city" : "Dehradun", "region" : "West", "employees" : 12, "totalPayroll" : 943438.00, "avgSalary" : 78619.83}, {"storeName" : "RetailMart Siliguri #46", "city" : "Siliguri", "region" : "Central", "employees" : 13, "totalPayroll" : 937924.00, "avgSalary" : 72148.00}, {"storeName" : "RetailMart Muzaffarpur #193", "city" : "Muzaffarpur", "region" : "East", "employees" : 15, "totalPayroll" : 929227.00, "avgSalary" : 61948.47}, {"storeName" : "RetailMart Gandhinagar #35", "city" : "Gandhinagar", "region" : "West", "employees" : 13, "totalPayroll" : 919645.00, "avgSalary" : 70741.92}, {"storeName" : "RetailMart Gwalior #109", "city" : "Gwalior", "region" : "North", "employees" : 13, "totalPayroll" : 918570.00, "avgSalary" : 70659.23}, {"storeName" : "RetailMart Agra #72", "city" : "Agra", "region" : "Central", "employees" : 13, "totalPayroll" : 915385.00, "avgSalary" : 70414.23}, {"storeName" : "RetailMart Noida #141", "city" : "Noida", "region" : "South", "employees" : 12, "totalPayroll" : 912677.00, "avgSalary" : 76056.42}, {"storeName" : "RetailMart Erode #175", "city" : "Erode", "region" : "East", "employees" : 13, "totalPayroll" : 910409.00, "avgSalary" : 70031.46}, {"storeName" : "RetailMart Udaipur #180", "city" : "Udaipur", "region" : "North", "employees" : 13, "totalPayroll" : 900852.00, "avgSalary" : 69296.31}, {"storeName" : "RetailMart Ahmedabad #8", "city" : "Ahmedabad", "region" : "Central", "employees" : 12, "totalPayroll" : 896467.00, "avgSalary" : 74705.58}, {"storeName" : "RetailMart Jaipur #190", "city" : "Jaipur", "region" : "East", "employees" : 16, "totalPayroll" : 890698.00, "avgSalary" : 55668.63}, {"storeName" : "RetailMart Howrah #151", "city" : "Howrah", "region" : "West", "employees" : 16, "totalPayroll" : 888528.00, "avgSalary" : 55533.00}, {"storeName" : "RetailMart Rourkela #182", "city" : "Rourkela", "region" : "West", "employees" : 13, "totalPayroll" : 886237.00, "avgSalary" : 68172.08}, {"storeName" : "RetailMart Puri #16", "city" : "Puri", "region" : "South", "employees" : 14, "totalPayroll" : 882195.00, "avgSalary" : 63013.93}, {"storeName" : "RetailMart Karimnagar #131", "city" : "Karimnagar", "region" : "Central", "employees" : 14, "totalPayroll" : 876851.00, "avgSalary" : 62632.21}, {"storeName" : "RetailMart Patna #4", "city" : "Patna", "region" : "South", "employees" : 11, "totalPayroll" : 873219.00, "avgSalary" : 79383.55}, {"storeName" : "RetailMart Imphal #199", "city" : "Imphal", "region" : "East", "employees" : 13, "totalPayroll" : 871829.00, "avgSalary" : 67063.77}, {"storeName" : "RetailMart Howrah #167", "city" : "Howrah", "region" : "North", "employees" : 13, "totalPayroll" : 870425.00, "avgSalary" : 66955.77}, {"storeName" : "RetailMart Dehradun #50", "city" : "Dehradun", "region" : "Central", "employees" : 12, "totalPayroll" : 866337.00, "avgSalary" : 72194.75}, {"storeName" : "RetailMart Dehradun #58", "city" : "Dehradun", "region" : "East", "employees" : 12, "totalPayroll" : 863459.00, "avgSalary" : 71954.92}, {"storeName" : "RetailMart Mumbai #13", "city" : "Mumbai", "region" : "West", "employees" : 14, "totalPayroll" : 861884.00, "avgSalary" : 61563.14}, {"storeName" : "RetailMart Howrah #66", "city" : "Howrah", "region" : "West", "employees" : 12, "totalPayroll" : 860848.00, "avgSalary" : 71737.33}, {"storeName" : "RetailMart Chennai #64", "city" : "Chennai", "region" : "North", "employees" : 13, "totalPayroll" : 860139.00, "avgSalary" : 66164.54}, {"storeName" : "RetailMart New Delhi #60", "city" : "New Delhi", "region" : "West", "employees" : 13, "totalPayroll" : 856229.00, "avgSalary" : 65863.77}, {"storeName" : "RetailMart Delhi #80", "city" : "Delhi", "region" : "North", "employees" : 12, "totalPayroll" : 853165.00, "avgSalary" : 71097.08}, {"storeName" : "RetailMart Nashik #1", "city" : "Nashik", "region" : "South", "employees" : 15, "totalPayroll" : 851858.00, "avgSalary" : 56790.53}, {"storeName" : "RetailMart Rourkela #162", "city" : "Rourkela", "region" : "South", "employees" : 13, "totalPayroll" : 851545.00, "avgSalary" : 65503.46}, {"storeName" : "RetailMart New Delhi #70", "city" : "New Delhi", "region" : "North", "employees" : 14, "totalPayroll" : 847992.00, "avgSalary" : 60570.86}, {"storeName" : "RetailMart Varanasi #195", "city" : "Varanasi", "region" : "West", "employees" : 12, "totalPayroll" : 844477.00, "avgSalary" : 70373.08}, {"storeName" : "RetailMart Indore #106", "city" : "Indore", "region" : "North", "employees" : 12, "totalPayroll" : 842151.00, "avgSalary" : 70179.25}, {"storeName" : "RetailMart Karimnagar #128", "city" : "Karimnagar", "region" : "East", "employees" : 11, "totalPayroll" : 842063.00, "avgSalary" : 76551.18}, {"storeName" : "RetailMart Pune #189", "city" : "Pune", "region" : "North", "employees" : 13, "totalPayroll" : 841458.00, "avgSalary" : 64727.54}, {"storeName" : "RetailMart Jaipur #200", "city" : "Jaipur", "region" : "South", "employees" : 12, "totalPayroll" : 841306.00, "avgSalary" : 70108.83}, {"storeName" : "RetailMart Haridwar #67", "city" : "Haridwar", "region" : "West", "employees" : 10, "totalPayroll" : 836630.00, "avgSalary" : 83663.00}, {"storeName" : "RetailMart Nagpur #10", "city" : "Nagpur", "region" : "South", "employees" : 12, "totalPayroll" : 828205.00, "avgSalary" : 69017.08}, {"storeName" : "RetailMart Bilaspur #99", "city" : "Bilaspur", "region" : "North", "employees" : 12, "totalPayroll" : 827496.00, "avgSalary" : 68958.00}, {"storeName" : "RetailMart Noida #123", "city" : "Noida", "region" : "North", "employees" : 16, "totalPayroll" : 825542.00, "avgSalary" : 51596.38}, {"storeName" : "RetailMart Pune #22", "city" : "Pune", "region" : "East", "employees" : 13, "totalPayroll" : 824142.00, "avgSalary" : 63395.54}, {"storeName" : "RetailMart Bhopal #191", "city" : "Bhopal", "region" : "South", "employees" : 14, "totalPayroll" : 823917.00, "avgSalary" : 58851.21}, {"storeName" : "RetailMart Amritsar #15", "city" : "Amritsar", "region" : "South", "employees" : 12, "totalPayroll" : 821842.00, "avgSalary" : 68486.83}, {"storeName" : "RetailMart Thane #114", "city" : "Thane", "region" : "North", "employees" : 9, "totalPayroll" : 821425.00, "avgSalary" : 91269.44}, {"storeName" : "RetailMart Kolkata #144", "city" : "Kolkata", "region" : "Central", "employees" : 12, "totalPayroll" : 819999.00, "avgSalary" : 68333.25}, {"storeName" : "RetailMart Agartala #120", "city" : "Agartala", "region" : "East", "employees" : 12, "totalPayroll" : 817612.00, "avgSalary" : 68134.33}, {"storeName" : "RetailMart Chennai #146", "city" : "Chennai", "region" : "North", "employees" : 13, "totalPayroll" : 801645.00, "avgSalary" : 61665.00}, {"storeName" : "RetailMart Agra #83", "city" : "Agra", "region" : "North", "employees" : 13, "totalPayroll" : 789676.00, "avgSalary" : 60744.31}, {"storeName" : "RetailMart Agartala #104", "city" : "Agartala", "region" : "North", "employees" : 13, "totalPayroll" : 772387.00, "avgSalary" : 59414.38}, {"storeName" : "RetailMart Ahmedabad #51", "city" : "Ahmedabad", "region" : "Central", "employees" : 13, "totalPayroll" : 770368.00, "avgSalary" : 59259.08}, {"storeName" : "RetailMart Amritsar #122", "city" : "Amritsar", "region" : "East", "employees" : 12, "totalPayroll" : 769002.00, "avgSalary" : 64083.50}, {"storeName" : "RetailMart Udaipur #9", "city" : "Udaipur", "region" : "West", "employees" : 11, "totalPayroll" : 764159.00, "avgSalary" : 69469.00}, {"storeName" : "RetailMart Port Blair #48", "city" : "Port Blair", "region" : "Central", "employees" : 11, "totalPayroll" : 758870.00, "avgSalary" : 68988.18}, {"storeName" : "RetailMart Bilaspur #90", "city" : "Bilaspur", "region" : "West", "employees" : 13, "totalPayroll" : 736422.00, "avgSalary" : 56647.85}, {"storeName" : "RetailMart Cuttack #34", "city" : "Cuttack", "region" : "North", "employees" : 13, "totalPayroll" : 733556.00, "avgSalary" : 56427.38}, {"storeName" : "RetailMart Warangal #185", "city" : "Warangal", "region" : "Central", "employees" : 12, "totalPayroll" : 731496.00, "avgSalary" : 60958.00}, {"storeName" : "RetailMart Mysuru #108", "city" : "Mysuru", "region" : "Central", "employees" : 10, "totalPayroll" : 727108.00, "avgSalary" : 72710.80}, {"storeName" : "RetailMart Delhi #7", "city" : "Delhi", "region" : "East", "employees" : 11, "totalPayroll" : 716519.00, "avgSalary" : 65138.09}, {"storeName" : "RetailMart Warangal #23", "city" : "Warangal", "region" : "South", "employees" : 13, "totalPayroll" : 706700.00, "avgSalary" : 54361.54}, {"storeName" : "RetailMart Bhubaneswar #61", "city" : "Bhubaneswar", "region" : "East", "employees" : 9, "totalPayroll" : 702621.00, "avgSalary" : 78069.00}, {"storeName" : "RetailMart Rajkot #96", "city" : "Rajkot", "region" : "North", "employees" : 13, "totalPayroll" : 694296.00, "avgSalary" : 53407.38}, {"storeName" : "RetailMart Varanasi #45", "city" : "Varanasi", "region" : "South", "employees" : 10, "totalPayroll" : 693933.00, "avgSalary" : 69393.30}, {"storeName" : "RetailMart Kota #132", "city" : "Kota", "region" : "West", "employees" : 11, "totalPayroll" : 691897.00, "avgSalary" : 62899.73}, {"storeName" : "RetailMart Mangalore #139", "city" : "Mangalore", "region" : "South", "employees" : 8, "totalPayroll" : 689520.00, "avgSalary" : 86190.00}, {"storeName" : "RetailMart Cuttack #119", "city" : "Cuttack", "region" : "West", "employees" : 10, "totalPayroll" : 689362.00, "avgSalary" : 68936.20}, {"storeName" : "RetailMart Indore #71", "city" : "Indore", "region" : "Central", "employees" : 12, "totalPayroll" : 689049.00, "avgSalary" : 57420.75}, {"storeName" : "RetailMart Nashik #100", "city" : "Nashik", "region" : "Central", "employees" : 12, "totalPayroll" : 678462.00, "avgSalary" : 56538.50}, {"storeName" : "RetailMart Patiala #44", "city" : "Patiala", "region" : "West", "employees" : 11, "totalPayroll" : 675104.00, "avgSalary" : 61373.09}, {"storeName" : "RetailMart Mumbai #169", "city" : "Mumbai", "region" : "West", "employees" : 8, "totalPayroll" : 661502.00, "avgSalary" : 82687.75}, {"storeName" : "RetailMart Haridwar #40", "city" : "Haridwar", "region" : "South", "employees" : 10, "totalPayroll" : 657495.00, "avgSalary" : 65749.50}, {"storeName" : "RetailMart Bhubaneswar #87", "city" : "Bhubaneswar", "region" : "West", "employees" : 8, "totalPayroll" : 652673.00, "avgSalary" : 81584.13}, {"storeName" : "RetailMart Leh #157", "city" : "Leh", "region" : "West", "employees" : 12, "totalPayroll" : 651796.00, "avgSalary" : 54316.33}, {"storeName" : "RetailMart Varanasi #76", "city" : "Varanasi", "region" : "South", "employees" : 9, "totalPayroll" : 638645.00, "avgSalary" : 70960.56}, {"storeName" : "RetailMart Leh #68", "city" : "Leh", "region" : "East", "employees" : 8, "totalPayroll" : 634474.00, "avgSalary" : 79309.25}, {"storeName" : "RetailMart Amritsar #124", "city" : "Amritsar", "region" : "South", "employees" : 11, "totalPayroll" : 612185.00, "avgSalary" : 55653.18}, {"storeName" : "RetailMart Bilaspur #137", "city" : "Bilaspur", "region" : "South", "employees" : 10, "totalPayroll" : 597426.00, "avgSalary" : 59742.60}, {"storeName" : "RetailMart Chandigarh #6", "city" : "Chandigarh", "region" : "Central", "employees" : 9, "totalPayroll" : 590020.00, "avgSalary" : 65557.78}, {"storeName" : "RetailMart Bhubaneswar #110", "city" : "Bhubaneswar", "region" : "North", "employees" : 11, "totalPayroll" : 588101.00, "avgSalary" : 53463.73}, {"storeName" : "RetailMart Warangal #39", "city" : "Warangal", "region" : "West", "employees" : 12, "totalPayroll" : 566175.00, "avgSalary" : 47181.25}, {"storeName" : "RetailMart Nashik #73", "city" : "Nashik", "region" : "East", "employees" : 10, "totalPayroll" : 548637.00, "avgSalary" : 54863.70}, {"storeName" : "RetailMart Lucknow #26", "city" : "Lucknow", "region" : "South", "employees" : 11, "totalPayroll" : 545615.00, "avgSalary" : 49601.36}, {"storeName" : "RetailMart Gwalior #171", "city" : "Gwalior", "region" : "West", "employees" : 8, "totalPayroll" : 517692.00, "avgSalary" : 64711.50}, {"storeName" : "RetailMart Hyderabad #43", "city" : "Hyderabad", "region" : "East", "employees" : 7, "totalPayroll" : 504008.00, "avgSalary" : 72001.14}, {"storeName" : "RetailMart Puri #14", "city" : "Puri", "region" : "Central", "employees" : 8, "totalPayroll" : 458169.00, "avgSalary" : 57271.13}, {"storeName" : "RetailMart Gwalior #47", "city" : "Gwalior", "region" : "South", "employees" : 6, "totalPayroll" : 439340.00, "avgSalary" : 73223.33}, {"storeName" : "RetailMart Udupi #179", "city" : "Udupi", "region" : "West", "employees" : 6, "totalPayroll" : 381345.00, "avgSalary" : 63557.50}]
