[{"storeName" : "RetailMart Amritsar #142", "city" : "Amritsar", "region" : "South", "productsStocked" : 514, "inventoryValue" : 6972288713.00, "outOfStock" : 3, "lowStock" : 5, "health" : "Healthy"}, {"storeName" : "RetailMart Trichy #117", "city" : "Trichy", "region" : "Central", "productsStocked" : 488, "inventoryValue" : 6752543727.00, "outOfStock" : 0, "lowStock" : 6, "health" : "Healthy"}, {"storeName" : "RetailMart Pune #189", "city" : "Pune", "region" : "North", "productsStocked" : 493, "inventoryValue" : 6686505936.00, "outOfStock" : 4, "lowStock" : 6, "health" : "Healthy"}, {"storeName" : "RetailMart Ahmedabad #127", "city" : "Ahmedabad", "region" : "North", "productsStocked" : 497, "inventoryValue" : 6640476443.00, "outOfStock" : 1, "lowStock" : 6, "health" : "Healthy"}, {"storeName" : "RetailMart Kolkata #144", "city" : "Kolkata", "region" : "Central", "productsStocked" : 501, "inventoryValue" : 6626233169.00, "outOfStock" : 1, "lowStock" : 10, "health" : "Healthy"}, {"storeName" : "RetailMart Panaji #78", "city" : "Panaji", "region" : "Central", "productsStocked" : 499, "inventoryValue" : 6574136445.00, "outOfStock" : 1, "lowStock" : 8, "health" : "Healthy"}, {"storeName" : "RetailMart Bilaspur #90", "city" : "Bilaspur", "region" : "West", "productsStocked" : 483, "inventoryValue" : 6556347420.00, "outOfStock" : 2, "lowStock" : 8, "health" : "Healthy"}, {"storeName" : "RetailMart Kanpur #85", "city" : "Kanpur", "region" : "West", "productsStocked" : 498, "inventoryValue" : 6545783939.00, "outOfStock" : 2, "lowStock" : 8, "health" : "Healthy"}, {"storeName" : "RetailMart Bilaspur #115", "city" : "Bilaspur", "region" : "Central", "productsStocked" : 478, "inventoryValue" : 6518731437.00, "outOfStock" : 1, "lowStock" : 7, "health" : "Healthy"}, {"storeName" : "RetailMart Jamshedpur #17", "city" : "Jamshedpur", "region" : "North", "productsStocked" : 485, "inventoryValue" : 6508310639.00, "outOfStock" : 0, "lowStock" : 6, "health" : "Healthy"}, {"storeName" : "RetailMart Jaipur #190", "city" : "Jaipur", "region" : "East", "productsStocked" : 502, "inventoryValue" : 6500957847.00, "outOfStock" : 4, "lowStock" : 6, "health" : "Healthy"}, {"storeName" : "RetailMart Imphal #133", "city" : "Imphal", "region" : "North", "productsStocked" : 470, "inventoryValue" : 6491171259.00, "outOfStock" : 1, "lowStock" : 7, "health" : "Healthy"}, {"storeName" : "RetailMart Ludhiana #159", "city" : "Ludhiana", "region" : "South", "productsStocked" : 504, "inventoryValue" : 6471517575.00, "outOfStock" : 2, "lowStock" : 12, "health" : "Healthy"}, {"storeName" : "RetailMart Siliguri #197", "city" : "Siliguri", "region" : "West", "productsStocked" : 479, "inventoryValue" : 6470142500.00, "outOfStock" : 1, "lowStock" : 6, "health" : "Healthy"}, {"storeName" : "RetailMart Dehradun #50", "city" : "Dehradun", "region" : "Central", "productsStocked" : 498, "inventoryValue" : 6463765193.00, "outOfStock" : 0, "lowStock" : 11, "health" : "Healthy"}, {"storeName" : "RetailMart Ahmedabad #86", "city" : "Ahmedabad", "region" : "East", "productsStocked" : 487, "inventoryValue" : 6460083404.00, "outOfStock" : 0, "lowStock" : 7, "health" : "Healthy"}, {"storeName" : "RetailMart Dehradun #11", "city" : "Dehradun", "region" : "East", "productsStocked" : 480, "inventoryValue" : 6453317713.00, "outOfStock" : 0, "lowStock" : 6, "health" : "Healthy"}, {"storeName" : "RetailMart Rajkot #21", "city" : "Rajkot", "region" : "South", "productsStocked" : 504, "inventoryValue" : 6453150351.00, "outOfStock" : 1, "lowStock" : 9, "health" : "Healthy"}, {"storeName" : "RetailMart Udaipur #9", "city" : "Udaipur", "region" : "West", "productsStocked" : 497, "inventoryValue" : 6443531571.00, "outOfStock" : 1, "lowStock" : 9, "health" : "Healthy"}, {"storeName" : "RetailMart Udaipur #147", "city" : "Udaipur", "region" : "Central", "productsStocked" : 492, "inventoryValue" : 6443199221.00, "outOfStock" : 0, "lowStock" : 8, "health" : "Healthy"}, {"storeName" : "RetailMart Chandigarh #6", "city" : "Chandigarh", "region" : "Central", "productsStocked" : 482, "inventoryValue" : 6442768422.00, "outOfStock" : 2, "lowStock" : 8, "health" : "Healthy"}, {"storeName" : "RetailMart Howrah #66", "city" : "Howrah", "region" : "West", "productsStocked" : 496, "inventoryValue" : 6439866313.00, "outOfStock" : 3, "lowStock" : 10, "health" : "Healthy"}, {"storeName" : "RetailMart Salem #69", "city" : "Salem", "region" : "North", "productsStocked" : 499, "inventoryValue" : 6431402910.00, "outOfStock" : 0, "lowStock" : 10, "health" : "Healthy"}, {"storeName" : "RetailMart Bhubaneswar #18", "city" : "Bhubaneswar", "region" : "Central", "productsStocked" : 492, "inventoryValue" : 6427354396.00, "outOfStock" : 0, "lowStock" : 13, "health" : "Healthy"}, {"storeName" : "RetailMart Nagpur #10", "city" : "Nagpur", "region" : "South", "productsStocked" : 476, "inventoryValue" : 6421101011.00, "outOfStock" : 0, "lowStock" : 8, "health" : "Healthy"}, {"storeName" : "RetailMart Salem #12", "city" : "Salem", "region" : "West", "productsStocked" : 496, "inventoryValue" : 6396423756.00, "outOfStock" : 0, "lowStock" : 9, "health" : "Healthy"}, {"storeName" : "RetailMart Mysuru #170", "city" : "Mysuru", "region" : "Central", "productsStocked" : 487, "inventoryValue" : 6383885760.00, "outOfStock" : 0, "lowStock" : 7, "health" : "Healthy"}, {"storeName" : "RetailMart Bhubaneswar #194", "city" : "Bhubaneswar", "region" : "Central", "productsStocked" : 503, "inventoryValue" : 6360084255.00, "outOfStock" : 1, "lowStock" : 8, "health" : "Healthy"}, {"storeName" : "RetailMart Noida #141", "city" : "Noida", "region" : "South", "productsStocked" : 501, "inventoryValue" : 6357159757.00, "outOfStock" : 0, "lowStock" : 8, "health" : "Healthy"}, {"storeName" : "RetailMart Bilaspur #99", "city" : "Bilaspur", "region" : "North", "productsStocked" : 485, "inventoryValue" : 6350400874.00, "outOfStock" : 1, "lowStock" : 12, "health" : "Healthy"}, {"storeName" : "RetailMart Haridwar #67", "city" : "Haridwar", "region" : "West", "productsStocked" : 467, "inventoryValue" : 6343759934.00, "outOfStock" : 1, "lowStock" : 7, "health" : "Healthy"}, {"storeName" : "RetailMart Erode #149", "city" : "Erode", "region" : "North", "productsStocked" : 458, "inventoryValue" : 6343218765.00, "outOfStock" : 1, "lowStock" : 6, "health" : "Healthy"}, {"storeName" : "RetailMart Delhi #2", "city" : "Delhi", "region" : "Central", "productsStocked" : 494, "inventoryValue" : 6339736900.00, "outOfStock" : 0, "lowStock" : 9, "health" : "Healthy"}, {"storeName" : "RetailMart Leh #68", "city" : "Leh", "region" : "East", "productsStocked" : 483, "inventoryValue" : 6339454114.00, "outOfStock" : 0, "lowStock" : 10, "health" : "Healthy"}, {"storeName" : "RetailMart Jaipur #200", "city" : "Jaipur", "region" : "South", "productsStocked" : 504, "inventoryValue" : 6333707330.00, "outOfStock" : 0, "lowStock" : 11, "health" : "Healthy"}, {"storeName" : "RetailMart Pune #52", "city" : "Pune", "region" : "East", "productsStocked" : 476, "inventoryValue" : 6327341979.00, "outOfStock" : 1, "lowStock" : 8, "health" : "Healthy"}, {"storeName" : "RetailMart Siliguri #46", "city" : "Siliguri", "region" : "Central", "productsStocked" : 486, "inventoryValue" : 6325305738.00, "outOfStock" : 3, "lowStock" : 11, "health" : "Healthy"}, {"storeName" : "RetailMart Kolkata #129", "city" : "Kolkata", "region" : "South", "productsStocked" : 491, "inventoryValue" : 6321266145.00, "outOfStock" : 0, "lowStock" : 6, "health" : "Healthy"}, {"storeName" : "RetailMart Hyderabad #166", "city" : "Hyderabad", "region" : "North", "productsStocked" : 467, "inventoryValue" : 6315856603.00, "outOfStock" : 0, "lowStock" : 7, "health" : "Healthy"}, {"storeName" : "RetailMart Ahmedabad #42", "city" : "Ahmedabad", "region" : "East", "productsStocked" : 489, "inventoryValue" : 6308583448.00, "outOfStock" : 2, "lowStock" : 7, "health" : "Healthy"}, {"storeName" : "RetailMart Rourkela #182", "city" : "Rourkela", "region" : "West", "productsStocked" : 499, "inventoryValue" : 6305601073.00, "outOfStock" : 0, "lowStock" : 12, "health" : "Healthy"}, {"storeName" : "RetailMart Rajkot #96", "city" : "Rajkot", "region" : "North", "productsStocked" : 478, "inventoryValue" : 6300919924.00, "outOfStock" : 1, "lowStock" : 14, "health" : "Healthy"}, {"storeName" : "RetailMart Amritsar #122", "city" : "Amritsar", "region" : "East", "productsStocked" : 480, "inventoryValue" : 6300891033.00, "outOfStock" : 1, "lowStock" : 12, "health" : "Healthy"}, {"storeName" : "RetailMart Udaipur #112", "city" : "Udaipur", "region" : "East", "productsStocked" : 479, "inventoryValue" : 6299299346.00, "outOfStock" : 0, "lowStock" : 5, "health" : "Healthy"}, {"storeName" : "RetailMart Varanasi #74", "city" : "Varanasi", "region" : "North", "productsStocked" : 473, "inventoryValue" : 6295935215.00, "outOfStock" : 0, "lowStock" : 12, "health" : "Healthy"}, {"storeName" : "RetailMart Erode #175", "city" : "Erode", "region" : "East", "productsStocked" : 462, "inventoryValue" : 6270134511.00, "outOfStock" : 3, "lowStock" : 6, "health" : "Healthy"}, {"storeName" : "RetailMart Indore #71", "city" : "Indore", "region" : "Central", "productsStocked" : 486, "inventoryValue" : 6268927320.00, "outOfStock" : 0, "lowStock" : 10, "health" : "Healthy"}, {"storeName" : "RetailMart Warangal #177", "city" : "Warangal", "region" : "Central", "productsStocked" : 472, "inventoryValue" : 6268515814.00, "outOfStock" : 2, "lowStock" : 7, "health" : "Healthy"}, {"storeName" : "RetailMart Cuttack #155", "city" : "Cuttack", "region" : "South", "productsStocked" : 485, "inventoryValue" : 6258609137.00, "outOfStock" : 1, "lowStock" : 7, "health" : "Healthy"}, {"storeName" : "RetailMart Agartala #104", "city" : "Agartala", "region" : "North", "productsStocked" : 465, "inventoryValue" : 6253683872.00, "outOfStock" : 2, "lowStock" : 7, "health" : "Healthy"}, {"storeName" : "RetailMart Jodhpur #49", "city" : "Jodhpur", "region" : "East", "productsStocked" : 490, "inventoryValue" : 6251995163.00, "outOfStock" : 2, "lowStock" : 13, "health" : "Healthy"}, {"storeName" : "RetailMart Chennai #64", "city" : "Chennai", "region" : "North", "productsStocked" : 486, "inventoryValue" : 6250468784.00, "outOfStock" : 0, "lowStock" : 13, "health" : "Healthy"}, {"storeName" : "RetailMart Udupi #179", "city" : "Udupi", "region" : "West", "productsStocked" : 492, "inventoryValue" : 6220882473.00, "outOfStock" : 0, "lowStock" : 8, "health" : "Healthy"}, {"storeName" : "RetailMart Bhubaneswar #134", "city" : "Bhubaneswar", "region" : "Central", "productsStocked" : 460, "inventoryValue" : 6206946475.00, "outOfStock" : 0, "lowStock" : 8, "health" : "Healthy"}, {"storeName" : "RetailMart Bilaspur #137", "city" : "Bilaspur", "region" : "South", "productsStocked" : 462, "inventoryValue" : 6203692241.00, "outOfStock" : 0, "lowStock" : 6, "health" : "Healthy"}, {"storeName" : "RetailMart Ahmedabad #143", "city" : "Ahmedabad", "region" : "South", "productsStocked" : 492, "inventoryValue" : 6200600595.00, "outOfStock" : 1, "lowStock" : 8, "health" : "Healthy"}, {"storeName" : "RetailMart Chennai #186", "city" : "Chennai", "region" : "Central", "productsStocked" : 462, "inventoryValue" : 6193931772.00, "outOfStock" : 0, "lowStock" : 7, "health" : "Healthy"}, {"storeName" : "RetailMart Nashik #188", "city" : "Nashik", "region" : "South", "productsStocked" : 463, "inventoryValue" : 6188058759.00, "outOfStock" : 1, "lowStock" : 8, "health" : "Healthy"}, {"storeName" : "RetailMart Thane #54", "city" : "Thane", "region" : "North", "productsStocked" : 470, "inventoryValue" : 6186093744.00, "outOfStock" : 1, "lowStock" : 6, "health" : "Healthy"}, {"storeName" : "RetailMart Warangal #23", "city" : "Warangal", "region" : "South", "productsStocked" : 475, "inventoryValue" : 6185551320.00, "outOfStock" : 4, "lowStock" : 6, "health" : "Healthy"}, {"storeName" : "RetailMart Dhanbad #135", "city" : "Dhanbad", "region" : "South", "productsStocked" : 487, "inventoryValue" : 6180903376.00, "outOfStock" : 1, "lowStock" : 10, "health" : "Healthy"}, {"storeName" : "RetailMart Imphal #199", "city" : "Imphal", "region" : "East", "productsStocked" : 479, "inventoryValue" : 6172270388.00, "outOfStock" : 1, "lowStock" : 8, "health" : "Healthy"}, {"storeName" : "RetailMart Agra #72", "city" : "Agra", "region" : "Central", "productsStocked" : 499, "inventoryValue" : 6171812785.00, "outOfStock" : 0, "lowStock" : 7, "health" : "Healthy"}, {"storeName" : "RetailMart Trichy #153", "city" : "Trichy", "region" : "West", "productsStocked" : 474, "inventoryValue" : 6171024315.00, "outOfStock" : 1, "lowStock" : 5, "health" : "Healthy"}, {"storeName" : "RetailMart Erode #94", "city" : "Erode", "region" : "Central", "productsStocked" : 485, "inventoryValue" : 6170034542.00, "outOfStock" : 2, "lowStock" : 12, "health" : "Healthy"}, {"storeName" : "RetailMart Amritsar #15", "city" : "Amritsar", "region" : "South", "productsStocked" : 466, "inventoryValue" : 6166877642.00, "outOfStock" : 1, "lowStock" : 7, "health" : "Healthy"}, {"storeName" : "RetailMart Bhubaneswar #87", "city" : "Bhubaneswar", "region" : "West", "productsStocked" : 455, "inventoryValue" : 6160139526.00, "outOfStock" : 4, "lowStock" : 9, "health" : "Healthy"}, {"storeName" : "RetailMart Dehradun #58", "city" : "Dehradun", "region" : "East", "productsStocked" : 481, "inventoryValue" : 6153875046.00, "outOfStock" : 4, "lowStock" : 6, "health" : "Healthy"}, {"storeName" : "RetailMart Howrah #151", "city" : "Howrah", "region" : "West", "productsStocked" : 477, "inventoryValue" : 6153255173.00, "outOfStock" : 2, "lowStock" : 7, "health" : "Healthy"}, {"storeName" : "RetailMart Amritsar #163", "city" : "Amritsar", "region" : "East", "productsStocked" : 481, "inventoryValue" : 6148775624.00, "outOfStock" : 0, "lowStock" : 13, "health" : "Healthy"}, {"storeName" : "RetailMart Bhopal #191", "city" : "Bhopal", "region" : "South", "productsStocked" : 471, "inventoryValue" : 6147749023.00, "outOfStock" : 0, "lowStock" : 16, "health" : "Healthy"}, {"storeName" : "RetailMart Chennai #160", "city" : "Chennai", "region" : "North", "productsStocked" : 478, "inventoryValue" : 6139325954.00, "outOfStock" : 2, "lowStock" : 9, "health" : "Healthy"}, {"storeName" : "RetailMart Ranchi #113", "city" : "Ranchi", "region" : "South", "productsStocked" : 465, "inventoryValue" : 6136581950.00, "outOfStock" : 1, "lowStock" : 10, "health" : "Healthy"}, {"storeName" : "RetailMart Dehradun #140", "city" : "Dehradun", "region" : "West", "productsStocked" : 471, "inventoryValue" : 6134980732.00, "outOfStock" : 2, "lowStock" : 5, "health" : "Healthy"}, {"storeName" : "RetailMart Patiala #44", "city" : "Patiala", "region" : "West", "productsStocked" : 488, "inventoryValue" : 6124661989.00, "outOfStock" : 1, "lowStock" : 10, "health" : "Healthy"}, {"storeName" : "RetailMart Varanasi #195", "city" : "Varanasi", "region" : "West", "productsStocked" : 487, "inventoryValue" : 6114917006.00, "outOfStock" : 0, "lowStock" : 8, "health" : "Healthy"}, {"storeName" : "RetailMart Agra #84", "city" : "Agra", "region" : "East", "productsStocked" : 474, "inventoryValue" : 6114184304.00, "outOfStock" : 0, "lowStock" : 9, "health" : "Healthy"}, {"storeName" : "RetailMart Port Blair #63", "city" : "Port Blair", "region" : "Central", "productsStocked" : 481, "inventoryValue" : 6112357606.00, "outOfStock" : 3, "lowStock" : 7, "health" : "Healthy"}, {"storeName" : "RetailMart Bhubaneswar #65", "city" : "Bhubaneswar", "region" : "West", "productsStocked" : 496, "inventoryValue" : 6102119501.00, "outOfStock" : 0, "lowStock" : 8, "health" : "Healthy"}, {"storeName" : "RetailMart Udaipur #180", "city" : "Udaipur", "region" : "North", "productsStocked" : 481, "inventoryValue" : 6098467576.00, "outOfStock" : 1, "lowStock" : 14, "health" : "Healthy"}, {"storeName" : "RetailMart Lucknow #164", "city" : "Lucknow", "region" : "Central", "productsStocked" : 466, "inventoryValue" : 6091074149.00, "outOfStock" : 0, "lowStock" : 12, "health" : "Healthy"}, {"storeName" : "RetailMart Bhubaneswar #61", "city" : "Bhubaneswar", "region" : "East", "productsStocked" : 472, "inventoryValue" : 6089227742.00, "outOfStock" : 0, "lowStock" : 7, "health" : "Healthy"}, {"storeName" : "RetailMart Shillong #145", "city" : "Shillong", "region" : "South", "productsStocked" : 471, "inventoryValue" : 6086227097.00, "outOfStock" : 1, "lowStock" : 11, "health" : "Healthy"}, {"storeName" : "RetailMart Chennai #33", "city" : "Chennai", "region" : "Central", "productsStocked" : 489, "inventoryValue" : 6084492265.00, "outOfStock" : 0, "lowStock" : 6, "health" : "Healthy"}, {"storeName" : "RetailMart Puri #16", "city" : "Puri", "region" : "South", "productsStocked" : 469, "inventoryValue" : 6083518331.00, "outOfStock" : 1, "lowStock" : 5, "health" : "Healthy"}, {"storeName" : "RetailMart Varanasi #76", "city" : "Varanasi", "region" : "South", "productsStocked" : 469, "inventoryValue" : 6081766270.00, "outOfStock" : 0, "lowStock" : 13, "health" : "Healthy"}, {"storeName" : "RetailMart Agartala #120", "city" : "Agartala", "region" : "East", "productsStocked" : 473, "inventoryValue" : 6080536836.00, "outOfStock" : 1, "lowStock" : 10, "health" : "Healthy"}, {"storeName" : "RetailMart Cuttack #34", "city" : "Cuttack", "region" : "North", "productsStocked" : 475, "inventoryValue" : 6069498685.00, "outOfStock" : 0, "lowStock" : 8, "health" : "Healthy"}, {"storeName" : "RetailMart Pune #31", "city" : "Pune", "region" : "South", "productsStocked" : 482, "inventoryValue" : 6057504858.00, "outOfStock" : 1, "lowStock" : 7, "health" : "Healthy"}, {"storeName" : "RetailMart Panaji #3", "city" : "Panaji", "region" : "North", "productsStocked" : 462, "inventoryValue" : 6056842854.00, "outOfStock" : 1, "lowStock" : 8, "health" : "Healthy"}, {"storeName" : "RetailMart Cuttack #97", "city" : "Cuttack", "region" : "South", "productsStocked" : 496, "inventoryValue" : 6056804479.00, "outOfStock" : 0, "lowStock" : 9, "health" : "Healthy"}, {"storeName" : "RetailMart Muzaffarpur #193", "city" : "Muzaffarpur", "region" : "East", "productsStocked" : 484, "inventoryValue" : 6052068652.00, "outOfStock" : 1, "lowStock" : 7, "health" : "Healthy"}, {"storeName" : "RetailMart Noida #27", "city" : "Noida", "region" : "East", "productsStocked" : 464, "inventoryValue" : 6050683294.00, "outOfStock" : 1, "lowStock" : 8, "health" : "Healthy"}, {"storeName" : "RetailMart Haridwar #40", "city" : "Haridwar", "region" : "South", "productsStocked" : 477, "inventoryValue" : 6044597333.00, "outOfStock" : 1, "lowStock" : 5, "health" : "Healthy"}, {"storeName" : "RetailMart Mangalore #139", "city" : "Mangalore", "region" : "South", "productsStocked" : 489, "inventoryValue" : 6038774067.00, "outOfStock" : 1, "lowStock" : 12, "health" : "Healthy"}, {"storeName" : "RetailMart Kanpur #81", "city" : "Kanpur", "region" : "East", "productsStocked" : 474, "inventoryValue" : 6028920098.00, "outOfStock" : 0, "lowStock" : 16, "health" : "Healthy"}, {"storeName" : "RetailMart Delhi #53", "city" : "Delhi", "region" : "North", "productsStocked" : 469, "inventoryValue" : 6026842877.00, "outOfStock" : 2, "lowStock" : 5, "health" : "Healthy"}, {"storeName" : "RetailMart Jodhpur #24", "city" : "Jodhpur", "region" : "Central", "productsStocked" : 469, "inventoryValue" : 6024911642.00, "outOfStock" : 0, "lowStock" : 12, "health" : "Healthy"}, {"storeName" : "RetailMart Patiala #37", "city" : "Patiala", "region" : "East", "productsStocked" : 458, "inventoryValue" : 6020571852.00, "outOfStock" : 1, "lowStock" : 1, "health" : "Healthy"}, {"storeName" : "RetailMart Shimla #95", "city" : "Shimla", "region" : "Central", "productsStocked" : 465, "inventoryValue" : 6014989129.00, "outOfStock" : 0, "lowStock" : 7, "health" : "Healthy"}, {"storeName" : "RetailMart Amritsar #165", "city" : "Amritsar", "region" : "North", "productsStocked" : 480, "inventoryValue" : 6006903523.00, "outOfStock" : 0, "lowStock" : 10, "health" : "Healthy"}, {"storeName" : "RetailMart Patna #178", "city" : "Patna", "region" : "Central", "productsStocked" : 464, "inventoryValue" : 5991310601.00, "outOfStock" : 1, "lowStock" : 9, "health" : "Healthy"}, {"storeName" : "RetailMart Udaipur #121", "city" : "Udaipur", "region" : "South", "productsStocked" : 470, "inventoryValue" : 5986923937.00, "outOfStock" : 2, "lowStock" : 5, "health" : "Healthy"}, {"storeName" : "RetailMart Ahmedabad #51", "city" : "Ahmedabad", "region" : "Central", "productsStocked" : 496, "inventoryValue" : 5981888143.00, "outOfStock" : 4, "lowStock" : 15, "health" : "Healthy"}, {"storeName" : "RetailMart Delhi #89", "city" : "Delhi", "region" : "Central", "productsStocked" : 487, "inventoryValue" : 5976236955.00, "outOfStock" : 1, "lowStock" : 10, "health" : "Healthy"}, {"storeName" : "RetailMart Srinagar #88", "city" : "Srinagar", "region" : "North", "productsStocked" : 474, "inventoryValue" : 5971986463.00, "outOfStock" : 0, "lowStock" : 15, "health" : "Healthy"}, {"storeName" : "RetailMart Thane #114", "city" : "Thane", "region" : "North", "productsStocked" : 483, "inventoryValue" : 5968846295.00, "outOfStock" : 1, "lowStock" : 17, "health" : "Healthy"}, {"storeName" : "RetailMart Gwalior #47", "city" : "Gwalior", "region" : "South", "productsStocked" : 473, "inventoryValue" : 5960901431.00, "outOfStock" : 0, "lowStock" : 6, "health" : "Healthy"}, {"storeName" : "RetailMart Mumbai #13", "city" : "Mumbai", "region" : "West", "productsStocked" : 453, "inventoryValue" : 5958748249.00, "outOfStock" : 1, "lowStock" : 6, "health" : "Healthy"}, {"storeName" : "RetailMart Rourkela #198", "city" : "Rourkela", "region" : "South", "productsStocked" : 477, "inventoryValue" : 5958714280.00, "outOfStock" : 1, "lowStock" : 6, "health" : "Healthy"}, {"storeName" : "RetailMart Dehradun #28", "city" : "Dehradun", "region" : "West", "productsStocked" : 480, "inventoryValue" : 5958282519.00, "outOfStock" : 1, "lowStock" : 14, "health" : "Healthy"}, {"storeName" : "RetailMart Jodhpur #62", "city" : "Jodhpur", "region" : "Central", "productsStocked" : 475, "inventoryValue" : 5957701816.00, "outOfStock" : 0, "lowStock" : 10, "health" : "Healthy"}, {"storeName" : "RetailMart Patna #4", "city" : "Patna", "region" : "South", "productsStocked" : 491, "inventoryValue" : 5957431312.00, "outOfStock" : 2, "lowStock" : 7, "health" : "Healthy"}, {"storeName" : "RetailMart Nashik #73", "city" : "Nashik", "region" : "East", "productsStocked" : 462, "inventoryValue" : 5952527643.00, "outOfStock" : 0, "lowStock" : 10, "health" : "Healthy"}, {"storeName" : "RetailMart Udaipur #172", "city" : "Udaipur", "region" : "West", "productsStocked" : 484, "inventoryValue" : 5951692635.00, "outOfStock" : 1, "lowStock" : 13, "health" : "Healthy"}, {"storeName" : "RetailMart Patna #59", "city" : "Patna", "region" : "East", "productsStocked" : 476, "inventoryValue" : 5949432114.00, "outOfStock" : 0, "lowStock" : 12, "health" : "Healthy"}, {"storeName" : "RetailMart Delhi #80", "city" : "Delhi", "region" : "North", "productsStocked" : 462, "inventoryValue" : 5948682850.00, "outOfStock" : 0, "lowStock" : 6, "health" : "Healthy"}, {"storeName" : "RetailMart Chennai #146", "city" : "Chennai", "region" : "North", "productsStocked" : 491, "inventoryValue" : 5947977810.00, "outOfStock" : 0, "lowStock" : 8, "health" : "Healthy"}, {"storeName" : "RetailMart Varanasi #45", "city" : "Varanasi", "region" : "South", "productsStocked" : 467, "inventoryValue" : 5930362167.00, "outOfStock" : 1, "lowStock" : 13, "health" : "Healthy"}, {"storeName" : "RetailMart Rourkela #162", "city" : "Rourkela", "region" : "South", "productsStocked" : 483, "inventoryValue" : 5929625709.00, "outOfStock" : 1, "lowStock" : 9, "health" : "Healthy"}, {"storeName" : "RetailMart Leh #157", "city" : "Leh", "region" : "West", "productsStocked" : 454, "inventoryValue" : 5922774216.00, "outOfStock" : 0, "lowStock" : 5, "health" : "Healthy"}, {"storeName" : "RetailMart Hyderabad #43", "city" : "Hyderabad", "region" : "East", "productsStocked" : 448, "inventoryValue" : 5922630978.00, "outOfStock" : 1, "lowStock" : 4, "health" : "Healthy"}, {"storeName" : "RetailMart Indore #106", "city" : "Indore", "region" : "North", "productsStocked" : 464, "inventoryValue" : 5920436634.00, "outOfStock" : 1, "lowStock" : 5, "health" : "Healthy"}, {"storeName" : "RetailMart Dhanbad #118", "city" : "Dhanbad", "region" : "Central", "productsStocked" : 476, "inventoryValue" : 5917840520.00, "outOfStock" : 2, "lowStock" : 11, "health" : "Healthy"}, {"storeName" : "RetailMart Karimnagar #125", "city" : "Karimnagar", "region" : "Central", "productsStocked" : 491, "inventoryValue" : 5914151787.00, "outOfStock" : 1, "lowStock" : 9, "health" : "Healthy"}, {"storeName" : "RetailMart New Delhi #111", "city" : "New Delhi", "region" : "Central", "productsStocked" : 463, "inventoryValue" : 5908316887.00, "outOfStock" : 0, "lowStock" : 5, "health" : "Healthy"}, {"storeName" : "RetailMart Pune #93", "city" : "Pune", "region" : "North", "productsStocked" : 469, "inventoryValue" : 5905960193.00, "outOfStock" : 1, "lowStock" : 9, "health" : "Healthy"}, {"storeName" : "RetailMart Jodhpur #105", "city" : "Jodhpur", "region" : "Central", "productsStocked" : 472, "inventoryValue" : 5902464584.00, "outOfStock" : 1, "lowStock" : 8, "health" : "Healthy"}, {"storeName" : "RetailMart Dehradun #184", "city" : "Dehradun", "region" : "East", "productsStocked" : 455, "inventoryValue" : 5901129734.00, "outOfStock" : 1, "lowStock" : 10, "health" : "Healthy"}, {"storeName" : "RetailMart Amritsar #124", "city" : "Amritsar", "region" : "South", "productsStocked" : 457, "inventoryValue" : 5896325518.00, "outOfStock" : 0, "lowStock" : 8, "health" : "Healthy"}, {"storeName" : "RetailMart Kolkata #116", "city" : "Kolkata", "region" : "Central", "productsStocked" : 463, "inventoryValue" : 5892761140.00, "outOfStock" : 0, "lowStock" : 11, "health" : "Healthy"}, {"storeName" : "RetailMart Chennai #156", "city" : "Chennai", "region" : "North", "productsStocked" : 464, "inventoryValue" : 5889934057.00, "outOfStock" : 1, "lowStock" : 7, "health" : "Healthy"}, {"storeName" : "RetailMart Gwalior #171", "city" : "Gwalior", "region" : "West", "productsStocked" : 461, "inventoryValue" : 5887994497.00, "outOfStock" : 0, "lowStock" : 11, "health" : "Healthy"}, {"storeName" : "RetailMart Nagpur #196", "city" : "Nagpur", "region" : "Central", "productsStocked" : 474, "inventoryValue" : 5878514741.00, "outOfStock" : 1, "lowStock" : 7, "health" : "Healthy"}, {"storeName" : "RetailMart Jodhpur #152", "city" : "Jodhpur", "region" : "West", "productsStocked" : 469, "inventoryValue" : 5873781355.00, "outOfStock" : 0, "lowStock" : 6, "health" : "Healthy"}, {"storeName" : "RetailMart Ludhiana #136", "city" : "Ludhiana", "region" : "Central", "productsStocked" : 480, "inventoryValue" : 5872860751.00, "outOfStock" : 1, "lowStock" : 15, "health" : "Healthy"}, {"storeName" : "RetailMart Meerut #29", "city" : "Meerut", "region" : "Central", "productsStocked" : 458, "inventoryValue" : 5870517692.00, "outOfStock" : 1, "lowStock" : 13, "health" : "Healthy"}, {"storeName" : "RetailMart Udaipur #91", "city" : "Udaipur", "region" : "Central", "productsStocked" : 469, "inventoryValue" : 5866126841.00, "outOfStock" : 2, "lowStock" : 6, "health" : "Healthy"}, {"storeName" : "RetailMart Hyderabad #5", "city" : "Hyderabad", "region" : "South", "productsStocked" : 460, "inventoryValue" : 5858703865.00, "outOfStock" : 2, "lowStock" : 7, "health" : "Healthy"}, {"storeName" : "RetailMart Bhopal #168", "city" : "Bhopal", "region" : "Central", "productsStocked" : 457, "inventoryValue" : 5857216058.00, "outOfStock" : 1, "lowStock" : 13, "health" : "Healthy"}, {"storeName" : "RetailMart Coimbatore #102", "city" : "Coimbatore", "region" : "West", "productsStocked" : 461, "inventoryValue" : 5849001495.00, "outOfStock" : 1, "lowStock" : 11, "health" : "Healthy"}, {"storeName" : "RetailMart Rourkela #98", "city" : "Rourkela", "region" : "North", "productsStocked" : 463, "inventoryValue" : 5844948732.00, "outOfStock" : 1, "lowStock" : 10, "health" : "Healthy"}, {"storeName" : "RetailMart Puri #25", "city" : "Puri", "region" : "Central", "productsStocked" : 472, "inventoryValue" : 5844222921.00, "outOfStock" : 0, "lowStock" : 6, "health" : "Healthy"}, {"storeName" : "RetailMart Ludhiana #173", "city" : "Ludhiana", "region" : "East", "productsStocked" : 463, "inventoryValue" : 5841792884.00, "outOfStock" : 1, "lowStock" : 11, "health" : "Healthy"}, {"storeName" : "RetailMart Howrah #167", "city" : "Howrah", "region" : "North", "productsStocked" : 484, "inventoryValue" : 5837636103.00, "outOfStock" : 0, "lowStock" : 7, "health" : "Healthy"}, {"storeName" : "RetailMart Varanasi #38", "city" : "Varanasi", "region" : "Central", "productsStocked" : 467, "inventoryValue" : 5836784331.00, "outOfStock" : 1, "lowStock" : 16, "health" : "Healthy"}, {"storeName" : "RetailMart Gandhinagar #35", "city" : "Gandhinagar", "region" : "West", "productsStocked" : 456, "inventoryValue" : 5826250472.00, "outOfStock" : 1, "lowStock" : 7, "health" : "Healthy"}, {"storeName" : "RetailMart Agra #83", "city" : "Agra", "region" : "North", "productsStocked" : 467, "inventoryValue" : 5824900198.00, "outOfStock" : 3, "lowStock" : 13, "health" : "Healthy"}, {"storeName" : "RetailMart Nagpur #57", "city" : "Nagpur", "region" : "North", "productsStocked" : 462, "inventoryValue" : 5822496636.00, "outOfStock" : 0, "lowStock" : 9, "health" : "Healthy"}, {"storeName" : "RetailMart Port Blair #48", "city" : "Port Blair", "region" : "Central", "productsStocked" : 457, "inventoryValue" : 5815204895.00, "outOfStock" : 2, "lowStock" : 10, "health" : "Healthy"}, {"storeName" : "RetailMart Lucknow #26", "city" : "Lucknow", "region" : "South", "productsStocked" : 471, "inventoryValue" : 5814199653.00, "outOfStock" : 0, "lowStock" : 8, "health" : "Healthy"}, {"storeName" : "RetailMart Srinagar #150", "city" : "Srinagar", "region" : "South", "productsStocked" : 453, "inventoryValue" : 5809808806.00, "outOfStock" : 0, "lowStock" : 17, "health" : "Healthy"}, {"storeName" : "RetailMart Warangal #39", "city" : "Warangal", "region" : "West", "productsStocked" : 437, "inventoryValue" : 5807098601.00, "outOfStock" : 1, "lowStock" : 10, "health" : "Healthy"}, {"storeName" : "RetailMart Shillong #158", "city" : "Shillong", "region" : "North", "productsStocked" : 467, "inventoryValue" : 5805814787.00, "outOfStock" : 0, "lowStock" : 11, "health" : "Healthy"}, {"storeName" : "RetailMart Kolkata #56", "city" : "Kolkata", "region" : "West", "productsStocked" : 453, "inventoryValue" : 5804072046.00, "outOfStock" : 0, "lowStock" : 10, "health" : "Healthy"}, {"storeName" : "RetailMart Karimnagar #128", "city" : "Karimnagar", "region" : "East", "productsStocked" : 459, "inventoryValue" : 5803835603.00, "outOfStock" : 1, "lowStock" : 11, "health" : "Healthy"}, {"storeName" : "RetailMart Ahmedabad #107", "city" : "Ahmedabad", "region" : "South", "productsStocked" : 446, "inventoryValue" : 5794291678.00, "outOfStock" : 2, "lowStock" : 4, "health" : "Healthy"}, {"storeName" : "RetailMart Nashik #100", "city" : "Nashik", "region" : "Central", "productsStocked" : 459, "inventoryValue" : 5789469814.00, "outOfStock" : 0, "lowStock" : 11, "health" : "Healthy"}, {"storeName" : "RetailMart Dhanbad #79", "city" : "Dhanbad", "region" : "West", "productsStocked" : 453, "inventoryValue" : 5778059721.00, "outOfStock" : 2, "lowStock" : 6, "health" : "Healthy"}, {"storeName" : "RetailMart Hyderabad #103", "city" : "Hyderabad", "region" : "West", "productsStocked" : 477, "inventoryValue" : 5775850258.00, "outOfStock" : 1, "lowStock" : 8, "health" : "Healthy"}, {"storeName" : "RetailMart Meerut #130", "city" : "Meerut", "region" : "East", "productsStocked" : 465, "inventoryValue" : 5774630683.00, "outOfStock" : 0, "lowStock" : 7, "health" : "Healthy"}, {"storeName" : "RetailMart Cuttack #119", "city" : "Cuttack", "region" : "West", "productsStocked" : 478, "inventoryValue" : 5773802501.00, "outOfStock" : 1, "lowStock" : 13, "health" : "Healthy"}, {"storeName" : "RetailMart Ahmedabad #8", "city" : "Ahmedabad", "region" : "Central", "productsStocked" : 466, "inventoryValue" : 5766596056.00, "outOfStock" : 0, "lowStock" : 9, "health" : "Healthy"}, {"storeName" : "RetailMart Ahmedabad #32", "city" : "Ahmedabad", "region" : "Central", "productsStocked" : 458, "inventoryValue" : 5764936896.00, "outOfStock" : 1, "lowStock" : 7, "health" : "Healthy"}, {"storeName" : "RetailMart Panaji #183", "city" : "Panaji", "region" : "Central", "productsStocked" : 462, "inventoryValue" : 5764682619.00, "outOfStock" : 1, "lowStock" : 6, "health" : "Healthy"}, {"storeName" : "RetailMart Gaya #176", "city" : "Gaya", "region" : "West", "productsStocked" : 436, "inventoryValue" : 5763535661.00, "outOfStock" : 0, "lowStock" : 8, "health" : "Healthy"}, {"storeName" : "RetailMart Bengaluru #174", "city" : "Bengaluru", "region" : "Central", "productsStocked" : 471, "inventoryValue" : 5761820140.00, "outOfStock" : 1, "lowStock" : 7, "health" : "Healthy"}, {"storeName" : "RetailMart Bengaluru #148", "city" : "Bengaluru", "region" : "North", "productsStocked" : 456, "inventoryValue" : 5748803294.00, "outOfStock" : 0, "lowStock" : 8, "health" : "Healthy"}, {"storeName" : "RetailMart Gandhinagar #77", "city" : "Gandhinagar", "region" : "Central", "productsStocked" : 470, "inventoryValue" : 5745066721.00, "outOfStock" : 2, "lowStock" : 8, "health" : "Healthy"}, {"storeName" : "RetailMart New Delhi #70", "city" : "New Delhi", "region" : "North", "productsStocked" : 467, "inventoryValue" : 5735732220.00, "outOfStock" : 0, "lowStock" : 6, "health" : "Healthy"}, {"storeName" : "RetailMart Patna #92", "city" : "Patna", "region" : "West", "productsStocked" : 451, "inventoryValue" : 5733720809.00, "outOfStock" : 2, "lowStock" : 10, "health" : "Healthy"}, {"storeName" : "RetailMart Imphal #161", "city" : "Imphal", "region" : "South", "productsStocked" : 478, "inventoryValue" : 5712270683.00, "outOfStock" : 0, "lowStock" : 12, "health" : "Healthy"}, {"storeName" : "RetailMart Gandhinagar #187", "city" : "Gandhinagar", "region" : "South", "productsStocked" : 468, "inventoryValue" : 5697538295.00, "outOfStock" : 0, "lowStock" : 8, "health" : "Healthy"}, {"storeName" : "RetailMart Dehradun #126", "city" : "Dehradun", "region" : "Central", "productsStocked" : 457, "inventoryValue" : 5675178287.00, "outOfStock" : 0, "lowStock" : 8, "health" : "Healthy"}, {"storeName" : "RetailMart Jodhpur #19", "city" : "Jodhpur", "region" : "Central", "productsStocked" : 462, "inventoryValue" : 5671339209.00, "outOfStock" : 1, "lowStock" : 11, "health" : "Healthy"}, {"storeName" : "RetailMart Warangal #41", "city" : "Warangal", "region" : "South", "productsStocked" : 474, "inventoryValue" : 5664383501.00, "outOfStock" : 0, "lowStock" : 13, "health" : "Healthy"}, {"storeName" : "RetailMart Thane #154", "city" : "Thane", "region" : "West", "productsStocked" : 452, "inventoryValue" : 5658807711.00, "outOfStock" : 0, "lowStock" : 8, "health" : "Healthy"}, {"storeName" : "RetailMart Bhubaneswar #110", "city" : "Bhubaneswar", "region" : "North", "productsStocked" : 463, "inventoryValue" : 5652425326.00, "outOfStock" : 2, "lowStock" : 7, "health" : "Healthy"}, {"storeName" : "RetailMart Mysuru #108", "city" : "Mysuru", "region" : "Central", "productsStocked" : 445, "inventoryValue" : 5635016332.00, "outOfStock" : 0, "lowStock" : 9, "health" : "Healthy"}, {"storeName" : "RetailMart Noida #123", "city" : "Noida", "region" : "North", "productsStocked" : 470, "inventoryValue" : 5633666238.00, "outOfStock" : 0, "lowStock" : 10, "health" : "Healthy"}, {"storeName" : "RetailMart Amritsar #36", "city" : "Amritsar", "region" : "West", "productsStocked" : 481, "inventoryValue" : 5626134802.00, "outOfStock" : 1, "lowStock" : 11, "health" : "Healthy"}, {"storeName" : "RetailMart New Delhi #60", "city" : "New Delhi", "region" : "West", "productsStocked" : 428, "inventoryValue" : 5624538936.00, "outOfStock" : 0, "lowStock" : 6, "health" : "Healthy"}, {"storeName" : "RetailMart Varanasi #138", "city" : "Varanasi", "region" : "South", "productsStocked" : 462, "inventoryValue" : 5618165581.00, "outOfStock" : 1, "lowStock" : 10, "health" : "Healthy"}, {"storeName" : "RetailMart Nashik #1", "city" : "Nashik", "region" : "South", "productsStocked" : 470, "inventoryValue" : 5607044736.00, "outOfStock" : 2, "lowStock" : 7, "health" : "Healthy"}, {"storeName" : "RetailMart Karimnagar #131", "city" : "Karimnagar", "region" : "Central", "productsStocked" : 451, "inventoryValue" : 5599919885.00, "outOfStock" : 0, "lowStock" : 7, "health" : "Healthy"}, {"storeName" : "RetailMart Puri #14", "city" : "Puri", "region" : "Central", "productsStocked" : 460, "inventoryValue" : 5556363394.00, "outOfStock" : 1, "lowStock" : 8, "health" : "Healthy"}, {"storeName" : "RetailMart Surat #181", "city" : "Surat", "region" : "North", "productsStocked" : 450, "inventoryValue" : 5552560881.00, "outOfStock" : 1, "lowStock" : 7, "health" : "Healthy"}, {"storeName" : "RetailMart Warangal #185", "city" : "Warangal", "region" : "Central", "productsStocked" : 445, "inventoryValue" : 5532323447.00, "outOfStock" : 0, "lowStock" : 11, "health" : "Healthy"}, {"storeName" : "RetailMart Karimnagar #75", "city" : "Karimnagar", "region" : "Central", "productsStocked" : 448, "inventoryValue" : 5519991193.00, "outOfStock" : 0, "lowStock" : 9, "health" : "Healthy"}, {"storeName" : "RetailMart Gandhinagar #20", "city" : "Gandhinagar", "region" : "South", "productsStocked" : 450, "inventoryValue" : 5517872817.00, "outOfStock" : 1, "lowStock" : 5, "health" : "Healthy"}, {"storeName" : "RetailMart Pune #22", "city" : "Pune", "region" : "East", "productsStocked" : 445, "inventoryValue" : 5506489602.00, "outOfStock" : 2, "lowStock" : 8, "health" : "Healthy"}, {"storeName" : "RetailMart Mumbai #169", "city" : "Mumbai", "region" : "West", "productsStocked" : 454, "inventoryValue" : 5494781107.00, "outOfStock" : 1, "lowStock" : 11, "health" : "Healthy"}, {"storeName" : "RetailMart Delhi #82", "city" : "Delhi", "region" : "East", "productsStocked" : 460, "inventoryValue" : 5486287837.00, "outOfStock" : 1, "lowStock" : 9, "health" : "Healthy"}, {"storeName" : "RetailMart Mysuru #101", "city" : "Mysuru", "region" : "North", "productsStocked" : 470, "inventoryValue" : 5480645406.00, "outOfStock" : 0, "lowStock" : 7, "health" : "Healthy"}, {"storeName" : "RetailMart Jaipur #30", "city" : "Jaipur", "region" : "Central", "productsStocked" : 434, "inventoryValue" : 5463681758.00, "outOfStock" : 2, "lowStock" : 5, "health" : "Healthy"}, {"storeName" : "RetailMart Delhi #7", "city" : "Delhi", "region" : "East", "productsStocked" : 455, "inventoryValue" : 5459912051.00, "outOfStock" : 0, "lowStock" : 10, "health" : "Healthy"}, {"storeName" : "RetailMart Gwalior #109", "city" : "Gwalior", "region" : "North", "productsStocked" : 454, "inventoryValue" : 5392390091.00, "outOfStock" : 0, "lowStock" : 10, "health" : "Healthy"}, {"storeName" : "RetailMart Aizawl #55", "city" : "Aizawl", "region" : "West", "productsStocked" : 440, "inventoryValue" : 5376636879.00, "outOfStock" : 2, "lowStock" : 3, "health" : "Healthy"}, {"storeName" : "RetailMart Kota #132", "city" : "Kota", "region" : "West", "productsStocked" : 425, "inventoryValue" : 5226469789.00, "outOfStock" : 0, "lowStock" : 6, "health" : "Healthy"}, {"storeName" : "RetailMart Srinagar #192", "city" : "Srinagar", "region" : "East", "productsStocked" : 430, "inventoryValue" : 5190732742.00, "outOfStock" : 0, "lowStock" : 10, "health" : "Healthy"}]
