[{"region" : "Central", "storeCount" : 54, "revenue" : 3400493004.76, "profit" : 2856190405.88, "avgProfitMargin" : 83.84, "employees" : 867, "revenuePerEmployee" : 3922137.26}, {"region" : "South", "storeCount" : 40, "revenue" : 2555486286.31, "profit" : 2139679837.85, "avgProfitMargin" : 83.63, "employees" : 575, "revenuePerEmployee" : 4444323.98}, {"region" : "North", "storeCount" : 38, "revenue" : 2411036622.68, "profit" : 2035094170.69, "avgProfitMargin" : 84.23, "employees" : 585, "revenuePerEmployee" : 4121430.12}, {"region" : "West", "storeCount" : 37, "revenue" : 2354493040.39, "profit" : 1984760749.89, "avgProfitMargin" : 84.18, "employees" : 520, "revenuePerEmployee" : 4527871.23}, {"region" : "East", "storeCount" : 31, "revenue" : 1923109755.21, "profit" : 1622739415.66, "avgProfitMargin" : 84.27, "employees" : 453, "revenuePerEmployee" : 4245275.40}]
