[{"storeId" : 179, "storeName" : "RetailMart Udupi #179", "city" : "Udupi", "region" : "West", "revenue" : 80599717.63, "profit" : 69890428.70, "profitMargin" : 86.71, "orders" : 229, "employees" : 6, "performanceTier" : "Star", "revenueRank" : 1}, {"storeId" : 99, "storeName" : "RetailMart Bilaspur #99", "city" : "Bilaspur", "region" : "North", "revenue" : 80537165.44, "profit" : 71327561.79, "profitMargin" : 88.56, "orders" : 215, "employees" : 12, "performanceTier" : "Star", "revenueRank" : 2}, {"storeId" : 149, "storeName" : "RetailMart Erode #149", "city" : "Erode", "region" : "North", "revenue" : 77729617.23, "profit" : 69584675.49, "profitMargin" : 89.52, "orders" : 215, "employees" : 19, "performanceTier" : "Star", "revenueRank" : 3}, {"storeId" : 144, "storeName" : "RetailMart Kolkata #144", "city" : "Kolkata", "region" : "Central", "revenue" : 77612743.36, "profit" : 68229943.26, "profitMargin" : 87.91, "orders" : 228, "employees" : 12, "performanceTier" : "Star", "revenueRank" : 4}, {"storeId" : 5, "storeName" : "RetailMart Hyderabad #5", "city" : "Hyderabad", "region" : "South", "revenue" : 75630635.23, "profit" : 63262397.03, "profitMargin" : 83.65, "orders" : 228, "employees" : 15, "performanceTier" : "Star", "revenueRank" : 5}, {"storeId" : 11, "storeName" : "RetailMart Dehradun #11", "city" : "Dehradun", "region" : "East", "revenue" : 75449563.55, "profit" : 65820952.11, "profitMargin" : 87.24, "orders" : 208, "employees" : 14, "performanceTier" : "Star", "revenueRank" : 6}, {"storeId" : 17, "storeName" : "RetailMart Jamshedpur #17", "city" : "Jamshedpur", "region" : "North", "revenue" : 75346582.60, "profit" : 63212666.00, "profitMargin" : 83.90, "orders" : 216, "employees" : 19, "performanceTier" : "Star", "revenueRank" : 7}, {"storeId" : 198, "storeName" : "RetailMart Rourkela #198", "city" : "Rourkela", "region" : "South", "revenue" : 73369250.15, "profit" : 59739354.90, "profitMargin" : 81.42, "orders" : 219, "employees" : 14, "performanceTier" : "Star", "revenueRank" : 8}, {"storeId" : 117, "storeName" : "RetailMart Trichy #117", "city" : "Trichy", "region" : "Central", "revenue" : 73360698.72, "profit" : 64230621.48, "profitMargin" : 87.55, "orders" : 215, "employees" : 24, "performanceTier" : "Star", "revenueRank" : 9}, {"storeId" : 3, "storeName" : "RetailMart Panaji #3", "city" : "Panaji", "region" : "North", "revenue" : 72395404.63, "profit" : 62674789.37, "profitMargin" : 86.57, "orders" : 180, "employees" : 14, "performanceTier" : "Star", "revenueRank" : 10}, {"storeId" : 123, "storeName" : "RetailMart Noida #123", "city" : "Noida", "region" : "North", "revenue" : 72249379.61, "profit" : 62093608.69, "profitMargin" : 85.94, "orders" : 223, "employees" : 16, "performanceTier" : "Star", "revenueRank" : 11}, {"storeId" : 32, "storeName" : "RetailMart Ahmedabad #32", "city" : "Ahmedabad", "region" : "Central", "revenue" : 72244196.66, "profit" : 63644542.82, "profitMargin" : 88.10, "orders" : 203, "employees" : 20, "performanceTier" : "Star", "revenueRank" : 12}, {"storeId" : 159, "storeName" : "RetailMart Ludhiana #159", "city" : "Ludhiana", "region" : "South", "revenue" : 72133084.30, "profit" : 62509653.36, "profitMargin" : 86.66, "orders" : 186, "employees" : 19, "performanceTier" : "Star", "revenueRank" : 13}, {"storeId" : 110, "storeName" : "RetailMart Bhubaneswar #110", "city" : "Bhubaneswar", "region" : "North", "revenue" : 71943670.50, "profit" : 61655276.79, "profitMargin" : 85.70, "orders" : 210, "employees" : 11, "performanceTier" : "Star", "revenueRank" : 14}, {"storeId" : 78, "storeName" : "RetailMart Panaji #78", "city" : "Panaji", "region" : "Central", "revenue" : 71741275.37, "profit" : 62884687.95, "profitMargin" : 87.65, "orders" : 207, "employees" : 17, "performanceTier" : "Star", "revenueRank" : 15}, {"storeId" : 139, "storeName" : "RetailMart Mangalore #139", "city" : "Mangalore", "region" : "South", "revenue" : 71597890.29, "profit" : 59543736.67, "profitMargin" : 83.16, "orders" : 201, "employees" : 8, "performanceTier" : "Star", "revenueRank" : 16}, {"storeId" : 35, "storeName" : "RetailMart Gandhinagar #35", "city" : "Gandhinagar", "region" : "West", "revenue" : 71569806.58, "profit" : 62147195.86, "profitMargin" : 86.83, "orders" : 198, "employees" : 13, "performanceTier" : "Star", "revenueRank" : 17}, {"storeId" : 154, "storeName" : "RetailMart Thane #154", "city" : "Thane", "region" : "West", "revenue" : 71442906.20, "profit" : 59352821.39, "profitMargin" : 83.08, "orders" : 219, "employees" : 21, "performanceTier" : "Star", "revenueRank" : 18}, {"storeId" : 18, "storeName" : "RetailMart Bhubaneswar #18", "city" : "Bhubaneswar", "region" : "Central", "revenue" : 71184915.57, "profit" : 60009402.75, "profitMargin" : 84.30, "orders" : 184, "employees" : 15, "performanceTier" : "Star", "revenueRank" : 19}, {"storeId" : 47, "storeName" : "RetailMart Gwalior #47", "city" : "Gwalior", "region" : "South", "revenue" : 70842804.05, "profit" : 59972464.75, "profitMargin" : 84.66, "orders" : 207, "employees" : 6, "performanceTier" : "Star", "revenueRank" : 20}, {"storeId" : 174, "storeName" : "RetailMart Bengaluru #174", "city" : "Bengaluru", "region" : "Central", "revenue" : 70832247.43, "profit" : 61436829.47, "profitMargin" : 86.74, "orders" : 204, "employees" : 19, "performanceTier" : "Star", "revenueRank" : 21}, {"storeId" : 54, "storeName" : "RetailMart Thane #54", "city" : "Thane", "region" : "North", "revenue" : 70674839.89, "profit" : 59904002.28, "profitMargin" : 84.76, "orders" : 202, "employees" : 18, "performanceTier" : "Star", "revenueRank" : 22}, {"storeId" : 107, "storeName" : "RetailMart Ahmedabad #107", "city" : "Ahmedabad", "region" : "South", "revenue" : 70236032.22, "profit" : 61442472.24, "profitMargin" : 87.48, "orders" : 195, "employees" : 19, "performanceTier" : "Star", "revenueRank" : 23}, {"storeId" : 13, "storeName" : "RetailMart Mumbai #13", "city" : "Mumbai", "region" : "West", "revenue" : 70181242.64, "profit" : 60703956.95, "profitMargin" : 86.50, "orders" : 199, "employees" : 14, "performanceTier" : "Star", "revenueRank" : 24}, {"storeId" : 132, "storeName" : "RetailMart Kota #132", "city" : "Kota", "region" : "West", "revenue" : 69880788.34, "profit" : 59383337.50, "profitMargin" : 84.98, "orders" : 208, "employees" : 11, "performanceTier" : "Star", "revenueRank" : 25}, {"storeId" : 194, "storeName" : "RetailMart Bhubaneswar #194", "city" : "Bhubaneswar", "region" : "Central", "revenue" : 69880785.13, "profit" : 58633831.10, "profitMargin" : 83.91, "orders" : 197, "employees" : 15, "performanceTier" : "Star", "revenueRank" : 26}, {"storeId" : 90, "storeName" : "RetailMart Bilaspur #90", "city" : "Bilaspur", "region" : "West", "revenue" : 69780025.89, "profit" : 59275114.94, "profitMargin" : 84.95, "orders" : 213, "employees" : 13, "performanceTier" : "Star", "revenueRank" : 27}, {"storeId" : 101, "storeName" : "RetailMart Mysuru #101", "city" : "Mysuru", "region" : "North", "revenue" : 69777709.57, "profit" : 60439941.89, "profitMargin" : 86.62, "orders" : 216, "employees" : 15, "performanceTier" : "Star", "revenueRank" : 28}, {"storeId" : 81, "storeName" : "RetailMart Kanpur #81", "city" : "Kanpur", "region" : "East", "revenue" : 69206179.59, "profit" : 60351428.53, "profitMargin" : 87.21, "orders" : 209, "employees" : 18, "performanceTier" : "Star", "revenueRank" : 29}, {"storeId" : 187, "storeName" : "RetailMart Gandhinagar #187", "city" : "Gandhinagar", "region" : "South", "revenue" : 69192801.14, "profit" : 58531819.56, "profitMargin" : 84.59, "orders" : 210, "employees" : 16, "performanceTier" : "Star", "revenueRank" : 30}, {"storeId" : 10, "storeName" : "RetailMart Nagpur #10", "city" : "Nagpur", "region" : "South", "revenue" : 69191837.04, "profit" : 57518381.70, "profitMargin" : 83.13, "orders" : 217, "employees" : 12, "performanceTier" : "Star", "revenueRank" : 31}, {"storeId" : 75, "storeName" : "RetailMart Karimnagar #75", "city" : "Karimnagar", "region" : "Central", "revenue" : 69033436.29, "profit" : 60330015.39, "profitMargin" : 87.39, "orders" : 195, "employees" : 14, "performanceTier" : "Star", "revenueRank" : 32}, {"storeId" : 100, "storeName" : "RetailMart Nashik #100", "city" : "Nashik", "region" : "Central", "revenue" : 68990216.41, "profit" : 58531432.30, "profitMargin" : 84.84, "orders" : 194, "employees" : 12, "performanceTier" : "Star", "revenueRank" : 33}, {"storeId" : 93, "storeName" : "RetailMart Pune #93", "city" : "Pune", "region" : "North", "revenue" : 68910862.64, "profit" : 58657806.13, "profitMargin" : 85.12, "orders" : 210, "employees" : 17, "performanceTier" : "Star", "revenueRank" : 34}, {"storeId" : 69, "storeName" : "RetailMart Salem #69", "city" : "Salem", "region" : "North", "revenue" : 68840609.43, "profit" : 58158626.08, "profitMargin" : 84.48, "orders" : 189, "employees" : 16, "performanceTier" : "Star", "revenueRank" : 35}, {"storeId" : 43, "storeName" : "RetailMart Hyderabad #43", "city" : "Hyderabad", "region" : "East", "revenue" : 68838226.39, "profit" : 58513318.55, "profitMargin" : 85.00, "orders" : 210, "employees" : 7, "performanceTier" : "Star", "revenueRank" : 36}, {"storeId" : 9, "storeName" : "RetailMart Udaipur #9", "city" : "Udaipur", "region" : "West", "revenue" : 68720865.24, "profit" : 56368257.61, "profitMargin" : 82.02, "orders" : 188, "employees" : 11, "performanceTier" : "Star", "revenueRank" : 37}, {"storeId" : 177, "storeName" : "RetailMart Warangal #177", "city" : "Warangal", "region" : "Central", "revenue" : 68365431.17, "profit" : 59065268.43, "profitMargin" : 86.40, "orders" : 193, "employees" : 16, "performanceTier" : "Star", "revenueRank" : 38}, {"storeId" : 76, "storeName" : "RetailMart Varanasi #76", "city" : "Varanasi", "region" : "South", "revenue" : 68219154.00, "profit" : 57910288.50, "profitMargin" : 84.89, "orders" : 204, "employees" : 9, "performanceTier" : "Star", "revenueRank" : 39}, {"storeId" : 1, "storeName" : "RetailMart Nashik #1", "city" : "Nashik", "region" : "South", "revenue" : 68146780.53, "profit" : 60936218.88, "profitMargin" : 89.42, "orders" : 192, "employees" : 15, "performanceTier" : "Star", "revenueRank" : 40}, {"storeId" : 103, "storeName" : "RetailMart Hyderabad #103", "city" : "Hyderabad", "region" : "West", "revenue" : 68079794.22, "profit" : 57429965.09, "profitMargin" : 84.36, "orders" : 187, "employees" : 19, "performanceTier" : "Average", "revenueRank" : 41}, {"storeId" : 126, "storeName" : "RetailMart Dehradun #126", "city" : "Dehradun", "region" : "Central", "revenue" : 67949461.40, "profit" : 58201147.44, "profitMargin" : 85.65, "orders" : 197, "employees" : 16, "performanceTier" : "Average", "revenueRank" : 42}, {"storeId" : 171, "storeName" : "RetailMart Gwalior #171", "city" : "Gwalior", "region" : "West", "revenue" : 67840328.53, "profit" : 58295721.75, "profitMargin" : 85.93, "orders" : 197, "employees" : 8, "performanceTier" : "Average", "revenueRank" : 43}, {"storeId" : 38, "storeName" : "RetailMart Varanasi #38", "city" : "Varanasi", "region" : "Central", "revenue" : 67629159.50, "profit" : 58608882.74, "profitMargin" : 86.66, "orders" : 205, "employees" : 20, "performanceTier" : "Average", "revenueRank" : 44}, {"storeId" : 169, "storeName" : "RetailMart Mumbai #169", "city" : "Mumbai", "region" : "West", "revenue" : 67599907.01, "profit" : 56580872.17, "profitMargin" : 83.70, "orders" : 195, "employees" : 8, "performanceTier" : "Average", "revenueRank" : 45}, {"storeId" : 118, "storeName" : "RetailMart Dhanbad #118", "city" : "Dhanbad", "region" : "Central", "revenue" : 67378130.87, "profit" : 57668804.80, "profitMargin" : 85.59, "orders" : 196, "employees" : 20, "performanceTier" : "Average", "revenueRank" : 46}, {"storeId" : 98, "storeName" : "RetailMart Rourkela #98", "city" : "Rourkela", "region" : "North", "revenue" : 67340162.73, "profit" : 58071895.47, "profitMargin" : 86.24, "orders" : 194, "employees" : 18, "performanceTier" : "Average", "revenueRank" : 47}, {"storeId" : 119, "storeName" : "RetailMart Cuttack #119", "city" : "Cuttack", "region" : "West", "revenue" : 67160792.50, "profit" : 59665278.30, "profitMargin" : 88.84, "orders" : 201, "employees" : 10, "performanceTier" : "Average", "revenueRank" : 48}, {"storeId" : 83, "storeName" : "RetailMart Agra #83", "city" : "Agra", "region" : "North", "revenue" : 66970800.44, "profit" : 57303437.55, "profitMargin" : 85.56, "orders" : 187, "employees" : 13, "performanceTier" : "Average", "revenueRank" : 49}, {"storeId" : 125, "storeName" : "RetailMart Karimnagar #125", "city" : "Karimnagar", "region" : "Central", "revenue" : 66843970.92, "profit" : 56562967.24, "profitMargin" : 84.62, "orders" : 191, "employees" : 17, "performanceTier" : "Average", "revenueRank" : 50}, {"storeId" : 136, "storeName" : "RetailMart Ludhiana #136", "city" : "Ludhiana", "region" : "Central", "revenue" : 66806137.15, "profit" : 57022851.91, "profitMargin" : 85.36, "orders" : 195, "employees" : 21, "performanceTier" : "Average", "revenueRank" : 51}, {"storeId" : 145, "storeName" : "RetailMart Shillong #145", "city" : "Shillong", "region" : "South", "revenue" : 66788140.71, "profit" : 56728895.75, "profitMargin" : 84.94, "orders" : 204, "employees" : 15, "performanceTier" : "Average", "revenueRank" : 52}, {"storeId" : 141, "storeName" : "RetailMart Noida #141", "city" : "Noida", "region" : "South", "revenue" : 66725608.21, "profit" : 57401799.23, "profitMargin" : 86.03, "orders" : 198, "employees" : 12, "performanceTier" : "Average", "revenueRank" : 53}, {"storeId" : 82, "storeName" : "RetailMart Delhi #82", "city" : "Delhi", "region" : "East", "revenue" : 66655858.55, "profit" : 57438016.78, "profitMargin" : 86.17, "orders" : 206, "employees" : 16, "performanceTier" : "Average", "revenueRank" : 54}, {"storeId" : 74, "storeName" : "RetailMart Varanasi #74", "city" : "Varanasi", "region" : "North", "revenue" : 66513852.97, "profit" : 56793624.40, "profitMargin" : 85.39, "orders" : 200, "employees" : 15, "performanceTier" : "Average", "revenueRank" : 55}, {"storeId" : 21, "storeName" : "RetailMart Rajkot #21", "city" : "Rajkot", "region" : "South", "revenue" : 66384415.58, "profit" : 56856036.62, "profitMargin" : 85.65, "orders" : 202, "employees" : 16, "performanceTier" : "Average", "revenueRank" : 56}, {"storeId" : 58, "storeName" : "RetailMart Dehradun #58", "city" : "Dehradun", "region" : "East", "revenue" : 66282133.22, "profit" : 57709873.22, "profitMargin" : 87.07, "orders" : 195, "employees" : 12, "performanceTier" : "Average", "revenueRank" : 57}, {"storeId" : 199, "storeName" : "RetailMart Imphal #199", "city" : "Imphal", "region" : "East", "revenue" : 66249542.22, "profit" : 55483224.62, "profitMargin" : 83.75, "orders" : 194, "employees" : 13, "performanceTier" : "Average", "revenueRank" : 58}, {"storeId" : 37, "storeName" : "RetailMart Patiala #37", "city" : "Patiala", "region" : "East", "revenue" : 66139646.34, "profit" : 57979593.64, "profitMargin" : 87.66, "orders" : 199, "employees" : 21, "performanceTier" : "Average", "revenueRank" : 59}, {"storeId" : 196, "storeName" : "RetailMart Nagpur #196", "city" : "Nagpur", "region" : "Central", "revenue" : 66125591.73, "profit" : 56236632.90, "profitMargin" : 85.05, "orders" : 192, "employees" : 23, "performanceTier" : "Average", "revenueRank" : 60}, {"storeId" : 66, "storeName" : "RetailMart Howrah #66", "city" : "Howrah", "region" : "West", "revenue" : 66124896.41, "profit" : 57961484.79, "profitMargin" : 87.65, "orders" : 192, "employees" : 12, "performanceTier" : "Average", "revenueRank" : 61}, {"storeId" : 44, "storeName" : "RetailMart Patiala #44", "city" : "Patiala", "region" : "West", "revenue" : 66108089.25, "profit" : 56611483.47, "profitMargin" : 85.63, "orders" : 199, "employees" : 11, "performanceTier" : "Average", "revenueRank" : 62}, {"storeId" : 188, "storeName" : "RetailMart Nashik #188", "city" : "Nashik", "region" : "South", "revenue" : 65948390.50, "profit" : 55788584.90, "profitMargin" : 84.59, "orders" : 180, "employees" : 23, "performanceTier" : "Average", "revenueRank" : 63}, {"storeId" : 12, "storeName" : "RetailMart Salem #12", "city" : "Salem", "region" : "West", "revenue" : 65931211.14, "profit" : 55872225.21, "profitMargin" : 84.74, "orders" : 187, "employees" : 16, "performanceTier" : "Average", "revenueRank" : 64}, {"storeId" : 14, "storeName" : "RetailMart Puri #14", "city" : "Puri", "region" : "Central", "revenue" : 65908676.22, "profit" : 54699858.50, "profitMargin" : 82.99, "orders" : 203, "employees" : 8, "performanceTier" : "Average", "revenueRank" : 65}, {"storeId" : 153, "storeName" : "RetailMart Trichy #153", "city" : "Trichy", "region" : "West", "revenue" : 65833989.52, "profit" : 57981994.94, "profitMargin" : 88.07, "orders" : 192, "employees" : 16, "performanceTier" : "Average", "revenueRank" : 66}, {"storeId" : 40, "storeName" : "RetailMart Haridwar #40", "city" : "Haridwar", "region" : "South", "revenue" : 65804804.20, "profit" : 55689619.62, "profitMargin" : 84.63, "orders" : 191, "employees" : 10, "performanceTier" : "Average", "revenueRank" : 67}, {"storeId" : 130, "storeName" : "RetailMart Meerut #130", "city" : "Meerut", "region" : "East", "revenue" : 65688934.09, "profit" : 54358165.56, "profitMargin" : 82.75, "orders" : 190, "employees" : 18, "performanceTier" : "Average", "revenueRank" : 68}, {"storeId" : 97, "storeName" : "RetailMart Cuttack #97", "city" : "Cuttack", "region" : "South", "revenue" : 65622113.92, "profit" : 56325493.93, "profitMargin" : 85.83, "orders" : 184, "employees" : 20, "performanceTier" : "Average", "revenueRank" : 69}, {"storeId" : 105, "storeName" : "RetailMart Jodhpur #105", "city" : "Jodhpur", "region" : "Central", "revenue" : 65508586.07, "profit" : 54850188.87, "profitMargin" : 83.73, "orders" : 192, "employees" : 13, "performanceTier" : "Average", "revenueRank" : 70}, {"storeId" : 23, "storeName" : "RetailMart Warangal #23", "city" : "Warangal", "region" : "South", "revenue" : 65445564.32, "profit" : 55498103.14, "profitMargin" : 84.80, "orders" : 177, "employees" : 13, "performanceTier" : "Average", "revenueRank" : 71}, {"storeId" : 53, "storeName" : "RetailMart Delhi #53", "city" : "Delhi", "region" : "North", "revenue" : 65437070.97, "profit" : 54902038.70, "profitMargin" : 83.90, "orders" : 194, "employees" : 20, "performanceTier" : "Average", "revenueRank" : 72}, {"storeId" : 63, "storeName" : "RetailMart Port Blair #63", "city" : "Port Blair", "region" : "Central", "revenue" : 65079718.26, "profit" : 52327592.31, "profitMargin" : 80.41, "orders" : 192, "employees" : 18, "performanceTier" : "Average", "revenueRank" : 73}, {"storeId" : 128, "storeName" : "RetailMart Karimnagar #128", "city" : "Karimnagar", "region" : "East", "revenue" : 64969336.99, "profit" : 54077940.13, "profitMargin" : 83.24, "orders" : 193, "employees" : 11, "performanceTier" : "Average", "revenueRank" : 74}, {"storeId" : 59, "storeName" : "RetailMart Patna #59", "city" : "Patna", "region" : "East", "revenue" : 64780595.48, "profit" : 56517893.89, "profitMargin" : 87.25, "orders" : 204, "employees" : 15, "performanceTier" : "Average", "revenueRank" : 75}, {"storeId" : 164, "storeName" : "RetailMart Lucknow #164", "city" : "Lucknow", "region" : "Central", "revenue" : 64767725.36, "profit" : 54276195.48, "profitMargin" : 83.80, "orders" : 193, "employees" : 16, "performanceTier" : "Average", "revenueRank" : 76}, {"storeId" : 15, "storeName" : "RetailMart Amritsar #15", "city" : "Amritsar", "region" : "South", "revenue" : 64763079.06, "profit" : 55298384.38, "profitMargin" : 85.39, "orders" : 193, "employees" : 12, "performanceTier" : "Average", "revenueRank" : 77}, {"storeId" : 102, "storeName" : "RetailMart Coimbatore #102", "city" : "Coimbatore", "region" : "West", "revenue" : 64752600.95, "profit" : 55476969.35, "profitMargin" : 85.68, "orders" : 185, "employees" : 15, "performanceTier" : "Average", "revenueRank" : 78}, {"storeId" : 200, "storeName" : "RetailMart Jaipur #200", "city" : "Jaipur", "region" : "South", "revenue" : 64734332.07, "profit" : 56099834.86, "profitMargin" : 86.66, "orders" : 173, "employees" : 12, "performanceTier" : "Average", "revenueRank" : 79}, {"storeId" : 150, "storeName" : "RetailMart Srinagar #150", "city" : "Srinagar", "region" : "South", "revenue" : 64671959.44, "profit" : 53724063.62, "profitMargin" : 83.07, "orders" : 205, "employees" : 12, "performanceTier" : "Average", "revenueRank" : 80}, {"storeId" : 91, "storeName" : "RetailMart Udaipur #91", "city" : "Udaipur", "region" : "Central", "revenue" : 64669184.74, "profit" : 55055055.08, "profitMargin" : 85.13, "orders" : 185, "employees" : 18, "performanceTier" : "Average", "revenueRank" : 81}, {"storeId" : 20, "storeName" : "RetailMart Gandhinagar #20", "city" : "Gandhinagar", "region" : "South", "revenue" : 64553072.56, "profit" : 54302057.58, "profitMargin" : 84.12, "orders" : 195, "employees" : 17, "performanceTier" : "Average", "revenueRank" : 82}, {"storeId" : 6, "storeName" : "RetailMart Chandigarh #6", "city" : "Chandigarh", "region" : "Central", "revenue" : 64511374.09, "profit" : 54677499.70, "profitMargin" : 84.76, "orders" : 176, "employees" : 9, "performanceTier" : "Average", "revenueRank" : 83}, {"storeId" : 64, "storeName" : "RetailMart Chennai #64", "city" : "Chennai", "region" : "North", "revenue" : 64352381.30, "profit" : 54154485.45, "profitMargin" : 84.15, "orders" : 192, "employees" : 13, "performanceTier" : "Average", "revenueRank" : 84}, {"storeId" : 39, "storeName" : "RetailMart Warangal #39", "city" : "Warangal", "region" : "West", "revenue" : 64269628.17, "profit" : 53532042.29, "profitMargin" : 83.29, "orders" : 190, "employees" : 12, "performanceTier" : "Average", "revenueRank" : 85}, {"storeId" : 114, "storeName" : "RetailMart Thane #114", "city" : "Thane", "region" : "North", "revenue" : 64151258.90, "profit" : 54590774.66, "profitMargin" : 85.10, "orders" : 178, "employees" : 9, "performanceTier" : "Average", "revenueRank" : 86}, {"storeId" : 142, "storeName" : "RetailMart Amritsar #142", "city" : "Amritsar", "region" : "South", "revenue" : 64132561.91, "profit" : 51067037.14, "profitMargin" : 79.63, "orders" : 189, "employees" : 19, "performanceTier" : "Average", "revenueRank" : 87}, {"storeId" : 160, "storeName" : "RetailMart Chennai #160", "city" : "Chennai", "region" : "North", "revenue" : 64051545.42, "profit" : 53054554.43, "profitMargin" : 82.83, "orders" : 191, "employees" : 16, "performanceTier" : "Average", "revenueRank" : 88}, {"storeId" : 25, "storeName" : "RetailMart Puri #25", "city" : "Puri", "region" : "Central", "revenue" : 63973841.03, "profit" : 55820979.21, "profitMargin" : 87.26, "orders" : 190, "employees" : 15, "performanceTier" : "Average", "revenueRank" : 89}, {"storeId" : 31, "storeName" : "RetailMart Pune #31", "city" : "Pune", "region" : "South", "revenue" : 63957770.31, "profit" : 53630174.48, "profitMargin" : 83.85, "orders" : 199, "employees" : 19, "performanceTier" : "Average", "revenueRank" : 90}, {"storeId" : 22, "storeName" : "RetailMart Pune #22", "city" : "Pune", "region" : "East", "revenue" : 63955913.26, "profit" : 54223719.26, "profitMargin" : 84.78, "orders" : 199, "employees" : 13, "performanceTier" : "Average", "revenueRank" : 91}, {"storeId" : 109, "storeName" : "RetailMart Gwalior #109", "city" : "Gwalior", "region" : "North", "revenue" : 63793525.88, "profit" : 52891743.87, "profitMargin" : 82.91, "orders" : 191, "employees" : 13, "performanceTier" : "Average", "revenueRank" : 92}, {"storeId" : 61, "storeName" : "RetailMart Bhubaneswar #61", "city" : "Bhubaneswar", "region" : "East", "revenue" : 63609310.46, "profit" : 53543729.04, "profitMargin" : 84.18, "orders" : 188, "employees" : 9, "performanceTier" : "Average", "revenueRank" : 93}, {"storeId" : 193, "storeName" : "RetailMart Muzaffarpur #193", "city" : "Muzaffarpur", "region" : "East", "revenue" : 63416767.52, "profit" : 54062300.67, "profitMargin" : 85.25, "orders" : 190, "employees" : 15, "performanceTier" : "Average", "revenueRank" : 94}, {"storeId" : 52, "storeName" : "RetailMart Pune #52", "city" : "Pune", "region" : "East", "revenue" : 63326927.47, "profit" : 53568804.22, "profitMargin" : 84.59, "orders" : 188, "employees" : 21, "performanceTier" : "Average", "revenueRank" : 95}, {"storeId" : 28, "storeName" : "RetailMart Dehradun #28", "city" : "Dehradun", "region" : "West", "revenue" : 63251306.10, "profit" : 53037574.59, "profitMargin" : 83.85, "orders" : 205, "employees" : 20, "performanceTier" : "Average", "revenueRank" : 96}, {"storeId" : 138, "storeName" : "RetailMart Varanasi #138", "city" : "Varanasi", "region" : "South", "revenue" : 63236913.28, "profit" : 52801610.76, "profitMargin" : 83.50, "orders" : 189, "employees" : 13, "performanceTier" : "Average", "revenueRank" : 97}, {"storeId" : 106, "storeName" : "RetailMart Indore #106", "city" : "Indore", "region" : "North", "revenue" : 63033358.73, "profit" : 52970336.45, "profitMargin" : 84.04, "orders" : 189, "employees" : 12, "performanceTier" : "Average", "revenueRank" : 98}, {"storeId" : 173, "storeName" : "RetailMart Ludhiana #173", "city" : "Ludhiana", "region" : "East", "revenue" : 62931591.42, "profit" : 53825544.21, "profitMargin" : 85.53, "orders" : 167, "employees" : 20, "performanceTier" : "Average", "revenueRank" : 99}, {"storeId" : 29, "storeName" : "RetailMart Meerut #29", "city" : "Meerut", "region" : "Central", "revenue" : 62903692.30, "profit" : 54923051.40, "profitMargin" : 87.31, "orders" : 193, "employees" : 17, "performanceTier" : "Average", "revenueRank" : 100}, {"storeId" : 85, "storeName" : "RetailMart Kanpur #85", "city" : "Kanpur", "region" : "West", "revenue" : 62795542.05, "profit" : 52901903.43, "profitMargin" : 84.24, "orders" : 192, "employees" : 17, "performanceTier" : "Improving", "revenueRank" : 101}, {"storeId" : 95, "storeName" : "RetailMart Shimla #95", "city" : "Shimla", "region" : "Central", "revenue" : 62733721.45, "profit" : 52395413.87, "profitMargin" : 83.52, "orders" : 182, "employees" : 13, "performanceTier" : "Improving", "revenueRank" : 102}, {"storeId" : 19, "storeName" : "RetailMart Jodhpur #19", "city" : "Jodhpur", "region" : "Central", "revenue" : 62550016.16, "profit" : 50502813.72, "profitMargin" : 80.74, "orders" : 191, "employees" : 17, "performanceTier" : "Improving", "revenueRank" : 103}, {"storeId" : 129, "storeName" : "RetailMart Kolkata #129", "city" : "Kolkata", "region" : "South", "revenue" : 62373063.65, "profit" : 51706646.83, "profitMargin" : 82.90, "orders" : 182, "employees" : 14, "performanceTier" : "Improving", "revenueRank" : 104}, {"storeId" : 89, "storeName" : "RetailMart Delhi #89", "city" : "Delhi", "region" : "Central", "revenue" : 62202772.95, "profit" : 49965405.16, "profitMargin" : 80.33, "orders" : 181, "employees" : 16, "performanceTier" : "Improving", "revenueRank" : 105}, {"storeId" : 176, "storeName" : "RetailMart Gaya #176", "city" : "Gaya", "region" : "West", "revenue" : 62184173.28, "profit" : 52275889.39, "profitMargin" : 84.07, "orders" : 183, "employees" : 14, "performanceTier" : "Improving", "revenueRank" : 106}, {"storeId" : 65, "storeName" : "RetailMart Bhubaneswar #65", "city" : "Bhubaneswar", "region" : "West", "revenue" : 62046315.76, "profit" : 52822523.73, "profitMargin" : 85.13, "orders" : 189, "employees" : 16, "performanceTier" : "Improving", "revenueRank" : 107}, {"storeId" : 80, "storeName" : "RetailMart Delhi #80", "city" : "Delhi", "region" : "North", "revenue" : 61992596.08, "profit" : 52888190.30, "profitMargin" : 85.31, "orders" : 181, "employees" : 12, "performanceTier" : "Improving", "revenueRank" : 108}, {"storeId" : 183, "storeName" : "RetailMart Panaji #183", "city" : "Panaji", "region" : "Central", "revenue" : 61912607.33, "profit" : 53367924.33, "profitMargin" : 86.20, "orders" : 185, "employees" : 16, "performanceTier" : "Improving", "revenueRank" : 109}, {"storeId" : 115, "storeName" : "RetailMart Bilaspur #115", "city" : "Bilaspur", "region" : "Central", "revenue" : 61902117.70, "profit" : 51799258.86, "profitMargin" : 83.68, "orders" : 189, "employees" : 18, "performanceTier" : "Improving", "revenueRank" : 110}, {"storeId" : 120, "storeName" : "RetailMart Agartala #120", "city" : "Agartala", "region" : "East", "revenue" : 61825667.50, "profit" : 51129499.67, "profitMargin" : 82.70, "orders" : 175, "employees" : 12, "performanceTier" : "Improving", "revenueRank" : 111}, {"storeId" : 127, "storeName" : "RetailMart Ahmedabad #127", "city" : "Ahmedabad", "region" : "North", "revenue" : 61824099.79, "profit" : 51636019.06, "profitMargin" : 83.52, "orders" : 186, "employees" : 17, "performanceTier" : "Improving", "revenueRank" : 112}, {"storeId" : 191, "storeName" : "RetailMart Bhopal #191", "city" : "Bhopal", "region" : "South", "revenue" : 61812711.63, "profit" : 51032871.72, "profitMargin" : 82.56, "orders" : 192, "employees" : 14, "performanceTier" : "Improving", "revenueRank" : 113}, {"storeId" : 175, "storeName" : "RetailMart Erode #175", "city" : "Erode", "region" : "East", "revenue" : 61679390.89, "profit" : 51128800.83, "profitMargin" : 82.89, "orders" : 190, "employees" : 13, "performanceTier" : "Improving", "revenueRank" : 114}, {"storeId" : 111, "storeName" : "RetailMart New Delhi #111", "city" : "New Delhi", "region" : "Central", "revenue" : 61642750.21, "profit" : 53108777.71, "profitMargin" : 86.16, "orders" : 178, "employees" : 16, "performanceTier" : "Improving", "revenueRank" : 115}, {"storeId" : 168, "storeName" : "RetailMart Bhopal #168", "city" : "Bhopal", "region" : "Central", "revenue" : 61621075.83, "profit" : 50440962.62, "profitMargin" : 81.86, "orders" : 194, "employees" : 15, "performanceTier" : "Improving", "revenueRank" : 116}, {"storeId" : 143, "storeName" : "RetailMart Ahmedabad #143", "city" : "Ahmedabad", "region" : "South", "revenue" : 61574376.91, "profit" : 49217975.30, "profitMargin" : 79.93, "orders" : 175, "employees" : 18, "performanceTier" : "Improving", "revenueRank" : 117}, {"storeId" : 60, "storeName" : "RetailMart New Delhi #60", "city" : "New Delhi", "region" : "West", "revenue" : 61564697.52, "profit" : 51742106.66, "profitMargin" : 84.05, "orders" : 190, "employees" : 13, "performanceTier" : "Improving", "revenueRank" : 118}, {"storeId" : 195, "storeName" : "RetailMart Varanasi #195", "city" : "Varanasi", "region" : "West", "revenue" : 61516443.08, "profit" : 51545953.44, "profitMargin" : 83.79, "orders" : 190, "employees" : 12, "performanceTier" : "Improving", "revenueRank" : 119}, {"storeId" : 112, "storeName" : "RetailMart Udaipur #112", "city" : "Udaipur", "region" : "East", "revenue" : 61259848.25, "profit" : 52444146.93, "profitMargin" : 85.61, "orders" : 181, "employees" : 12, "performanceTier" : "Improving", "revenueRank" : 120}, {"storeId" : 4, "storeName" : "RetailMart Patna #4", "city" : "Patna", "region" : "South", "revenue" : 61250046.17, "profit" : 51883206.95, "profitMargin" : 84.71, "orders" : 179, "employees" : 11, "performanceTier" : "Improving", "revenueRank" : 121}, {"storeId" : 165, "storeName" : "RetailMart Amritsar #165", "city" : "Amritsar", "region" : "North", "revenue" : 61180483.65, "profit" : 51334011.16, "profitMargin" : 83.91, "orders" : 183, "employees" : 17, "performanceTier" : "Improving", "revenueRank" : 122}, {"storeId" : 87, "storeName" : "RetailMart Bhubaneswar #87", "city" : "Bhubaneswar", "region" : "West", "revenue" : 61164889.99, "profit" : 50001035.13, "profitMargin" : 81.75, "orders" : 180, "employees" : 8, "performanceTier" : "Improving", "revenueRank" : 123}, {"storeId" : 180, "storeName" : "RetailMart Udaipur #180", "city" : "Udaipur", "region" : "North", "revenue" : 61057941.35, "profit" : 50283459.33, "profitMargin" : 82.35, "orders" : 172, "employees" : 13, "performanceTier" : "Improving", "revenueRank" : 124}, {"storeId" : 92, "storeName" : "RetailMart Patna #92", "city" : "Patna", "region" : "West", "revenue" : 61036022.86, "profit" : 52427799.95, "profitMargin" : 85.90, "orders" : 186, "employees" : 18, "performanceTier" : "Improving", "revenueRank" : 125}, {"storeId" : 131, "storeName" : "RetailMart Karimnagar #131", "city" : "Karimnagar", "region" : "Central", "revenue" : 61006653.80, "profit" : 51110958.84, "profitMargin" : 83.78, "orders" : 183, "employees" : 14, "performanceTier" : "Improving", "revenueRank" : 126}, {"storeId" : 79, "storeName" : "RetailMart Dhanbad #79", "city" : "Dhanbad", "region" : "West", "revenue" : 60888118.19, "profit" : 51385236.62, "profitMargin" : 84.39, "orders" : 187, "employees" : 20, "performanceTier" : "Improving", "revenueRank" : 127}, {"storeId" : 56, "storeName" : "RetailMart Kolkata #56", "city" : "Kolkata", "region" : "West", "revenue" : 60737582.48, "profit" : 48711815.53, "profitMargin" : 80.20, "orders" : 194, "employees" : 16, "performanceTier" : "Improving", "revenueRank" : 128}, {"storeId" : 62, "storeName" : "RetailMart Jodhpur #62", "city" : "Jodhpur", "region" : "Central", "revenue" : 60637398.07, "profit" : 50734010.25, "profitMargin" : 83.67, "orders" : 181, "employees" : 13, "performanceTier" : "Improving", "revenueRank" : 129}, {"storeId" : 116, "storeName" : "RetailMart Kolkata #116", "city" : "Kolkata", "region" : "Central", "revenue" : 60564270.12, "profit" : 51893648.96, "profitMargin" : 85.68, "orders" : 181, "employees" : 20, "performanceTier" : "Improving", "revenueRank" : 130}, {"storeId" : 16, "storeName" : "RetailMart Puri #16", "city" : "Puri", "region" : "South", "revenue" : 60560140.78, "profit" : 51716735.16, "profitMargin" : 85.40, "orders" : 181, "employees" : 14, "performanceTier" : "Improving", "revenueRank" : 131}, {"storeId" : 77, "storeName" : "RetailMart Gandhinagar #77", "city" : "Gandhinagar", "region" : "Central", "revenue" : 60504133.55, "profit" : 50934100.76, "profitMargin" : 84.18, "orders" : 178, "employees" : 17, "performanceTier" : "Improving", "revenueRank" : 132}, {"storeId" : 163, "storeName" : "RetailMart Amritsar #163", "city" : "Amritsar", "region" : "East", "revenue" : 60432443.64, "profit" : 52454444.12, "profitMargin" : 86.80, "orders" : 181, "employees" : 20, "performanceTier" : "Improving", "revenueRank" : 133}, {"storeId" : 181, "storeName" : "RetailMart Surat #181", "city" : "Surat", "region" : "North", "revenue" : 60296636.49, "profit" : 51042925.99, "profitMargin" : 84.65, "orders" : 187, "employees" : 18, "performanceTier" : "Improving", "revenueRank" : 134}, {"storeId" : 186, "storeName" : "RetailMart Chennai #186", "city" : "Chennai", "region" : "Central", "revenue" : 60289082.11, "profit" : 48547006.59, "profitMargin" : 80.52, "orders" : 185, "employees" : 27, "performanceTier" : "Improving", "revenueRank" : 135}, {"storeId" : 94, "storeName" : "RetailMart Erode #94", "city" : "Erode", "region" : "Central", "revenue" : 60276127.36, "profit" : 50978140.43, "profitMargin" : 84.57, "orders" : 196, "employees" : 19, "performanceTier" : "Improving", "revenueRank" : 136}, {"storeId" : 185, "storeName" : "RetailMart Warangal #185", "city" : "Warangal", "region" : "Central", "revenue" : 60259806.17, "profit" : 51627370.21, "profitMargin" : 85.67, "orders" : 197, "employees" : 12, "performanceTier" : "Improving", "revenueRank" : 137}, {"storeId" : 133, "storeName" : "RetailMart Imphal #133", "city" : "Imphal", "region" : "North", "revenue" : 60237338.18, "profit" : 49015972.65, "profitMargin" : 81.37, "orders" : 181, "employees" : 19, "performanceTier" : "Improving", "revenueRank" : 138}, {"storeId" : 57, "storeName" : "RetailMart Nagpur #57", "city" : "Nagpur", "region" : "North", "revenue" : 60175879.64, "profit" : 50932361.86, "profitMargin" : 84.64, "orders" : 183, "employees" : 13, "performanceTier" : "Improving", "revenueRank" : 139}, {"storeId" : 49, "storeName" : "RetailMart Jodhpur #49", "city" : "Jodhpur", "region" : "East", "revenue" : 60151864.69, "profit" : 50207560.08, "profitMargin" : 83.47, "orders" : 183, "employees" : 15, "performanceTier" : "Improving", "revenueRank" : 140}, {"storeId" : 122, "storeName" : "RetailMart Amritsar #122", "city" : "Amritsar", "region" : "East", "revenue" : 59875819.64, "profit" : 51225296.98, "profitMargin" : 85.55, "orders" : 178, "employees" : 12, "performanceTier" : "Improving", "revenueRank" : 141}, {"storeId" : 55, "storeName" : "RetailMart Aizawl #55", "city" : "Aizawl", "region" : "West", "revenue" : 59830347.82, "profit" : 50336752.41, "profitMargin" : 84.13, "orders" : 170, "employees" : 18, "performanceTier" : "Improving", "revenueRank" : 142}, {"storeId" : 134, "storeName" : "RetailMart Bhubaneswar #134", "city" : "Bhubaneswar", "region" : "Central", "revenue" : 59800855.77, "profit" : 48891801.82, "profitMargin" : 81.76, "orders" : 180, "employees" : 27, "performanceTier" : "Improving", "revenueRank" : 143}, {"storeId" : 72, "storeName" : "RetailMart Agra #72", "city" : "Agra", "region" : "Central", "revenue" : 59764149.90, "profit" : 51333022.60, "profitMargin" : 85.89, "orders" : 190, "employees" : 13, "performanceTier" : "Improving", "revenueRank" : 144}, {"storeId" : 162, "storeName" : "RetailMart Rourkela #162", "city" : "Rourkela", "region" : "South", "revenue" : 59760762.38, "profit" : 48979436.82, "profitMargin" : 81.96, "orders" : 168, "employees" : 13, "performanceTier" : "Improving", "revenueRank" : 145}, {"storeId" : 137, "storeName" : "RetailMart Bilaspur #137", "city" : "Bilaspur", "region" : "South", "revenue" : 59723459.32, "profit" : 49740682.45, "profitMargin" : 83.28, "orders" : 166, "employees" : 10, "performanceTier" : "Improving", "revenueRank" : 146}, {"storeId" : 152, "storeName" : "RetailMart Jodhpur #152", "city" : "Jodhpur", "region" : "West", "revenue" : 59650290.29, "profit" : 48389729.63, "profitMargin" : 81.12, "orders" : 181, "employees" : 17, "performanceTier" : "Improving", "revenueRank" : 147}, {"storeId" : 135, "storeName" : "RetailMart Dhanbad #135", "city" : "Dhanbad", "region" : "South", "revenue" : 59520775.85, "profit" : 48945422.21, "profitMargin" : 82.23, "orders" : 186, "employees" : 17, "performanceTier" : "Improving", "revenueRank" : 148}, {"storeId" : 26, "storeName" : "RetailMart Lucknow #26", "city" : "Lucknow", "region" : "South", "revenue" : 59511717.36, "profit" : 48952697.02, "profitMargin" : 82.26, "orders" : 168, "employees" : 11, "performanceTier" : "Improving", "revenueRank" : 149}, {"storeId" : 48, "storeName" : "RetailMart Port Blair #48", "city" : "Port Blair", "region" : "Central", "revenue" : 59376851.01, "profit" : 46094303.40, "profitMargin" : 77.63, "orders" : 171, "employees" : 11, "performanceTier" : "Improving", "revenueRank" : 150}, {"storeId" : 148, "storeName" : "RetailMart Bengaluru #148", "city" : "Bengaluru", "region" : "North", "revenue" : 59217001.42, "profit" : 49821923.09, "profitMargin" : 84.13, "orders" : 180, "employees" : 19, "performanceTier" : "Improving", "revenueRank" : 151}, {"storeId" : 51, "storeName" : "RetailMart Ahmedabad #51", "city" : "Ahmedabad", "region" : "Central", "revenue" : 59185235.51, "profit" : 49265698.82, "profitMargin" : 83.24, "orders" : 199, "employees" : 13, "performanceTier" : "Improving", "revenueRank" : 152}, {"storeId" : 67, "storeName" : "RetailMart Haridwar #67", "city" : "Haridwar", "region" : "West", "revenue" : 59185189.81, "profit" : 49722404.78, "profitMargin" : 84.01, "orders" : 183, "employees" : 10, "performanceTier" : "Improving", "revenueRank" : 153}, {"storeId" : 182, "storeName" : "RetailMart Rourkela #182", "city" : "Rourkela", "region" : "West", "revenue" : 59117240.44, "profit" : 50446333.53, "profitMargin" : 85.33, "orders" : 188, "employees" : 13, "performanceTier" : "Improving", "revenueRank" : 154}, {"storeId" : 73, "storeName" : "RetailMart Nashik #73", "city" : "Nashik", "region" : "East", "revenue" : 59096554.20, "profit" : 49817406.97, "profitMargin" : 84.30, "orders" : 176, "employees" : 10, "performanceTier" : "Improving", "revenueRank" : 155}, {"storeId" : 161, "storeName" : "RetailMart Imphal #161", "city" : "Imphal", "region" : "South", "revenue" : 58726126.56, "profit" : 47148543.38, "profitMargin" : 80.29, "orders" : 181, "employees" : 19, "performanceTier" : "Improving", "revenueRank" : 156}, {"storeId" : 88, "storeName" : "RetailMart Srinagar #88", "city" : "Srinagar", "region" : "North", "revenue" : 58564571.74, "profit" : 48321885.05, "profitMargin" : 82.51, "orders" : 169, "employees" : 16, "performanceTier" : "Improving", "revenueRank" : 157}, {"storeId" : 96, "storeName" : "RetailMart Rajkot #96", "city" : "Rajkot", "region" : "North", "revenue" : 58549879.21, "profit" : 50952318.77, "profitMargin" : 87.02, "orders" : 187, "employees" : 13, "performanceTier" : "Improving", "revenueRank" : 158}, {"storeId" : 172, "storeName" : "RetailMart Udaipur #172", "city" : "Udaipur", "region" : "West", "revenue" : 58520480.05, "profit" : 47760633.66, "profitMargin" : 81.61, "orders" : 161, "employees" : 14, "performanceTier" : "Improving", "revenueRank" : 159}, {"storeId" : 166, "storeName" : "RetailMart Hyderabad #166", "city" : "Hyderabad", "region" : "North", "revenue" : 58307237.82, "profit" : 49101768.31, "profitMargin" : 84.21, "orders" : 170, "employees" : 24, "performanceTier" : "Improving", "revenueRank" : 160}, {"storeId" : 33, "storeName" : "RetailMart Chennai #33", "city" : "Chennai", "region" : "Central", "revenue" : 58193413.91, "profit" : 47319377.11, "profitMargin" : 81.31, "orders" : 184, "employees" : 17, "performanceTier" : "Needs Attention", "revenueRank" : 161}, {"storeId" : 86, "storeName" : "RetailMart Ahmedabad #86", "city" : "Ahmedabad", "region" : "East", "revenue" : 58191527.88, "profit" : 49391299.81, "profitMargin" : 84.88, "orders" : 169, "employees" : 15, "performanceTier" : "Needs Attention", "revenueRank" : 162}, {"storeId" : 2, "storeName" : "RetailMart Delhi #2", "city" : "Delhi", "region" : "Central", "revenue" : 58097095.34, "profit" : 45783802.22, "profitMargin" : 78.81, "orders" : 166, "employees" : 17, "performanceTier" : "Needs Attention", "revenueRank" : 163}, {"storeId" : 50, "storeName" : "RetailMart Dehradun #50", "city" : "Dehradun", "region" : "Central", "revenue" : 58074092.60, "profit" : 47478035.91, "profitMargin" : 81.75, "orders" : 183, "employees" : 12, "performanceTier" : "Needs Attention", "revenueRank" : 164}, {"storeId" : 70, "storeName" : "RetailMart New Delhi #70", "city" : "New Delhi", "region" : "North", "revenue" : 57697459.79, "profit" : 48034182.68, "profitMargin" : 83.25, "orders" : 180, "employees" : 14, "performanceTier" : "Needs Attention", "revenueRank" : 165}, {"storeId" : 184, "storeName" : "RetailMart Dehradun #184", "city" : "Dehradun", "region" : "East", "revenue" : 57694504.64, "profit" : 47931171.37, "profitMargin" : 83.08, "orders" : 184, "employees" : 14, "performanceTier" : "Needs Attention", "revenueRank" : 166}, {"storeId" : 42, "storeName" : "RetailMart Ahmedabad #42", "city" : "Ahmedabad", "region" : "East", "revenue" : 57692523.19, "profit" : 46253041.30, "profitMargin" : 80.17, "orders" : 182, "employees" : 16, "performanceTier" : "Needs Attention", "revenueRank" : 167}, {"storeId" : 46, "storeName" : "RetailMart Siliguri #46", "city" : "Siliguri", "region" : "Central", "revenue" : 57675021.59, "profit" : 47680480.66, "profitMargin" : 82.67, "orders" : 169, "employees" : 13, "performanceTier" : "Needs Attention", "revenueRank" : 168}, {"storeId" : 190, "storeName" : "RetailMart Jaipur #190", "city" : "Jaipur", "region" : "East", "revenue" : 57654085.86, "profit" : 47639512.75, "profitMargin" : 82.63, "orders" : 177, "employees" : 16, "performanceTier" : "Needs Attention", "revenueRank" : 169}, {"storeId" : 170, "storeName" : "RetailMart Mysuru #170", "city" : "Mysuru", "region" : "Central", "revenue" : 57472334.55, "profit" : 47233202.86, "profitMargin" : 82.18, "orders" : 166, "employees" : 14, "performanceTier" : "Needs Attention", "revenueRank" : 170}, {"storeId" : 30, "storeName" : "RetailMart Jaipur #30", "city" : "Jaipur", "region" : "Central", "revenue" : 57400225.57, "profit" : 46125084.92, "profitMargin" : 80.36, "orders" : 172, "employees" : 22, "performanceTier" : "Needs Attention", "revenueRank" : 171}, {"storeId" : 167, "storeName" : "RetailMart Howrah #167", "city" : "Howrah", "region" : "North", "revenue" : 57361492.73, "profit" : 48085616.00, "profitMargin" : 83.83, "orders" : 181, "employees" : 13, "performanceTier" : "Needs Attention", "revenueRank" : 172}, {"storeId" : 113, "storeName" : "RetailMart Ranchi #113", "city" : "Ranchi", "region" : "South", "revenue" : 57316429.13, "profit" : 48557070.41, "profitMargin" : 84.72, "orders" : 170, "employees" : 17, "performanceTier" : "Needs Attention", "revenueRank" : 173}, {"storeId" : 197, "storeName" : "RetailMart Siliguri #197", "city" : "Siliguri", "region" : "West", "revenue" : 57114028.98, "profit" : 48347830.07, "profitMargin" : 84.65, "orders" : 188, "employees" : 22, "performanceTier" : "Needs Attention", "revenueRank" : 174}, {"storeId" : 68, "storeName" : "RetailMart Leh #68", "city" : "Leh", "region" : "East", "revenue" : 57020213.79, "profit" : 47317930.43, "profitMargin" : 82.98, "orders" : 174, "employees" : 8, "performanceTier" : "Needs Attention", "revenueRank" : 175}, {"storeId" : 157, "storeName" : "RetailMart Leh #157", "city" : "Leh", "region" : "West", "revenue" : 56591524.88, "profit" : 45346883.09, "profitMargin" : 80.13, "orders" : 184, "employees" : 12, "performanceTier" : "Needs Attention", "revenueRank" : 176}, {"storeId" : 71, "storeName" : "RetailMart Indore #71", "city" : "Indore", "region" : "Central", "revenue" : 56186437.94, "profit" : 46000793.06, "profitMargin" : 81.87, "orders" : 181, "employees" : 12, "performanceTier" : "Needs Attention", "revenueRank" : 177}, {"storeId" : 124, "storeName" : "RetailMart Amritsar #124", "city" : "Amritsar", "region" : "South", "revenue" : 56117966.67, "profit" : 44724033.14, "profitMargin" : 79.70, "orders" : 166, "employees" : 11, "performanceTier" : "Needs Attention", "revenueRank" : 178}, {"storeId" : 178, "storeName" : "RetailMart Patna #178", "city" : "Patna", "region" : "Central", "revenue" : 55989930.64, "profit" : 46720177.56, "profitMargin" : 83.44, "orders" : 164, "employees" : 15, "performanceTier" : "Needs Attention", "revenueRank" : 179}, {"storeId" : 192, "storeName" : "RetailMart Srinagar #192", "city" : "Srinagar", "region" : "East", "revenue" : 55818489.61, "profit" : 46375076.12, "profitMargin" : 83.08, "orders" : 175, "employees" : 20, "performanceTier" : "Needs Attention", "revenueRank" : 180}, {"storeId" : 34, "storeName" : "RetailMart Cuttack #34", "city" : "Cuttack", "region" : "North", "revenue" : 55530745.04, "profit" : 44768007.94, "profitMargin" : 80.62, "orders" : 177, "employees" : 13, "performanceTier" : "Needs Attention", "revenueRank" : 181}, {"storeId" : 7, "storeName" : "RetailMart Delhi #7", "city" : "Delhi", "region" : "East", "revenue" : 55391752.78, "profit" : 44842734.49, "profitMargin" : 80.96, "orders" : 185, "employees" : 11, "performanceTier" : "Needs Attention", "revenueRank" : 182}, {"storeId" : 27, "storeName" : "RetailMart Noida #27", "city" : "Noida", "region" : "East", "revenue" : 55151933.56, "profit" : 45038754.72, "profitMargin" : 81.66, "orders" : 176, "employees" : 17, "performanceTier" : "Needs Attention", "revenueRank" : 183}, {"storeId" : 155, "storeName" : "RetailMart Cuttack #155", "city" : "Cuttack", "region" : "South", "revenue" : 55069300.99, "profit" : 43328428.11, "profitMargin" : 78.68, "orders" : 171, "employees" : 17, "performanceTier" : "Needs Attention", "revenueRank" : 184}, {"storeId" : 146, "storeName" : "RetailMart Chennai #146", "city" : "Chennai", "region" : "North", "revenue" : 54767202.28, "profit" : 46243320.40, "profitMargin" : 84.44, "orders" : 178, "employees" : 13, "performanceTier" : "Needs Attention", "revenueRank" : 185}, {"storeId" : 24, "storeName" : "RetailMart Jodhpur #24", "city" : "Jodhpur", "region" : "Central", "revenue" : 54626884.98, "profit" : 44094433.87, "profitMargin" : 80.72, "orders" : 170, "employees" : 13, "performanceTier" : "Needs Attention", "revenueRank" : 186}, {"storeId" : 140, "storeName" : "RetailMart Dehradun #140", "city" : "Dehradun", "region" : "West", "revenue" : 54582594.09, "profit" : 43101239.78, "profitMargin" : 78.97, "orders" : 176, "employees" : 12, "performanceTier" : "Needs Attention", "revenueRank" : 187}, {"storeId" : 41, "storeName" : "RetailMart Warangal #41", "city" : "Warangal", "region" : "South", "revenue" : 54430145.50, "profit" : 43691630.25, "profitMargin" : 80.27, "orders" : 149, "employees" : 18, "performanceTier" : "Needs Attention", "revenueRank" : 188}, {"storeId" : 121, "storeName" : "RetailMart Udaipur #121", "city" : "Udaipur", "region" : "South", "revenue" : 54056871.58, "profit" : 44465951.39, "profitMargin" : 82.26, "orders" : 185, "employees" : 15, "performanceTier" : "Needs Attention", "revenueRank" : 189}, {"storeId" : 36, "storeName" : "RetailMart Amritsar #36", "city" : "Amritsar", "region" : "West", "revenue" : 53729601.21, "profit" : 45801083.92, "profitMargin" : 85.24, "orders" : 150, "employees" : 16, "performanceTier" : "Needs Attention", "revenueRank" : 190}, {"storeId" : 104, "storeName" : "RetailMart Agartala #104", "city" : "Agartala", "region" : "North", "revenue" : 53660121.69, "profit" : 42535568.12, "profitMargin" : 79.27, "orders" : 168, "employees" : 13, "performanceTier" : "Needs Attention", "revenueRank" : 191}, {"storeId" : 189, "storeName" : "RetailMart Pune #189", "city" : "Pune", "region" : "North", "revenue" : 53385041.81, "profit" : 44099922.29, "profitMargin" : 82.61, "orders" : 182, "employees" : 13, "performanceTier" : "Needs Attention", "revenueRank" : 192}, {"storeId" : 151, "storeName" : "RetailMart Howrah #151", "city" : "Howrah", "region" : "West", "revenue" : 53110061.29, "profit" : 42126870.24, "profitMargin" : 79.32, "orders" : 178, "employees" : 16, "performanceTier" : "Needs Attention", "revenueRank" : 193}, {"storeId" : 108, "storeName" : "RetailMart Mysuru #108", "city" : "Mysuru", "region" : "Central", "revenue" : 52943012.08, "profit" : 42933928.82, "profitMargin" : 81.09, "orders" : 189, "employees" : 10, "performanceTier" : "Needs Attention", "revenueRank" : 194}, {"storeId" : 84, "storeName" : "RetailMart Agra #84", "city" : "Agra", "region" : "East", "revenue" : 52672608.54, "profit" : 42068234.66, "profitMargin" : 79.87, "orders" : 159, "employees" : 19, "performanceTier" : "Needs Attention", "revenueRank" : 195}, {"storeId" : 158, "storeName" : "RetailMart Shillong #158", "city" : "Shillong", "region" : "North", "revenue" : 52443818.45, "profit" : 42529819.26, "profitMargin" : 81.10, "orders" : 173, "employees" : 18, "performanceTier" : "Needs Attention", "revenueRank" : 196}, {"storeId" : 45, "storeName" : "RetailMart Varanasi #45", "city" : "Varanasi", "region" : "South", "revenue" : 52353396.81, "profit" : 43010023.11, "profitMargin" : 82.15, "orders" : 174, "employees" : 10, "performanceTier" : "Needs Attention", "revenueRank" : 197}, {"storeId" : 147, "storeName" : "RetailMart Udaipur #147", "city" : "Udaipur", "region" : "Central", "revenue" : 52242155.92, "profit" : 42252823.31, "profitMargin" : 80.88, "orders" : 166, "employees" : 18, "performanceTier" : "Needs Attention", "revenueRank" : 198}, {"storeId" : 8, "storeName" : "RetailMart Ahmedabad #8", "city" : "Ahmedabad", "region" : "Central", "revenue" : 52061578.89, "profit" : 41649364.10, "profitMargin" : 80.00, "orders" : 170, "employees" : 12, "performanceTier" : "Needs Attention", "revenueRank" : 199}, {"storeId" : 156, "storeName" : "RetailMart Chennai #156", "city" : "Chennai", "region" : "North", "revenue" : 50737276.64, "profit" : 41025052.94, "profitMargin" : 80.86, "orders" : 154, "employees" : 21, "performanceTier" : "Needs Attention", "revenueRank" : 200}]
